목록페이지,금융사,상품명,최고금리,기본금리,가입기간,가입금액,가입방법,가입대상,이자지급,상품유형,최고금리_숫자,기본금리_숫자,상세URL,상세정보전체
5,제주은행,제주Dream정기예금 (고정금리형-만기이자지급식),2.40,2.30,1개월 이상,최소 100만원 이상,영업점,제한없음,,,2.4,2.3,https://pay.naver.com/savings/detail/0c15b3d0349a4f30f4b088781f5aeeba,"네이버페이 | 예적금 | 내 계좌 | 검색 | 전체메뉴 | 제주Dream정기예금 (고정금리형-만기이자지급식) | 제주은행 | 누구나가입 | 이율 | 최고 | 연 2.40% | 이율 | 기본 | 연 2.30%(12개월,세전) | 전화 문의 | 공식홈에서 더 알아보기 | 상품 안내 | 기간 | 1개월 이상 | ① 고정금리형 : 1개월 이상 36개월 이내에서 월 또는 일단위 | ② 단위기간 금리연동형 : | - 12개월 이상 36개월 이내에서 월단위(단, 회전 단위기간은 1개월~6개월 월단위) | - 1개월이상 5년이내(월단위/일단위 가능) | 금액 | 최소 100만원 이상 | *최대금액 제한없음 | 가입방법 | 영업점 | 대상 | 제한없음 | 더보기 | 금리 안내 | 12개월 만기시 세후수령액 (단리) | 예치금액 | 입력삭제 | 1,000만원 | 최고금리 | 2.40% | 기본금리 | 2.30% | 원금합계 | 10,000,000원 | 세전이자 | +240,000원 | 이자과세(15.4%) | -36,960원 | 세후수령액 | 10,203,040원 | 기간별 금리 | 기본 금리 | 기간 금리 | 1개월이상 3개월미만 | 2.000% | 3개월이상 6개월미만 | 2.100% | 6개월이상 1년미만 | 2.250% | 1년이상 2년미만 | 2.300% | 2년이상 3년미만 | 2.200% | 3년만기 | 2.200% | 조건별 | 아래의 요건 중 1건 이상 충족한 경우 0.10%p 추가 우대 이자율 적용 | 1 | ㆍ급여이체 | ㆍ적립식예금 잔액 10만원 이상 | ㆍ탑스/주거래통장 고객 | ㆍ결제계좌(비씨 가맹점) 전월 입금액 10만원 이상 | ㆍ비과세종합저축 대상고객 | ㆍ다자녀가정 우대(가족기준 자녀수 3인 이상) | ㆍ모범납세자(기간 1년이상에 한하며, 제주특별자치도 세정과에서 인증서를 발급받아 제출한 자에 한함) | ㆍ탐나는 J 연금통장 가입고객의 연금 수급/이체 요건 충족 후 이 상품 가입 시 | ㆍ제주국민연금안심통장 가입 고객으로 국민연금 급여가 입금된 경우 | ㆍ제주공무원연금평생안심통장 가입 고객으로 공무원연금 급여가 입금된 경우 | ㆍ제주 군인연금평생안심통장 가입 고객으로 군인연금 급여가 입금된 경우 (단, 10억이상 신규(만기재예치, 자동재신규포함)시 우대이자율 적용은 본부 승인사항임.) : 0.1% | 유형 고정금리, 변동금리 | 금리 높은 예금 | 유니온정기예탁금 | 충절로신용협동조합 | 최고 4.21% | 유니온정기예탁금 | 대구대서신용협동조합 | 최고 4.20% | 유니온정기예탁금 | 부산원광신용협동조합 | 최고 4.20% | 더 많은 상품보기 | 편리한 내 금융자산 관리 | 내 신용점수 알아보기 | 잊고 있던 내 보험 찾기 | 계좌 속 숨은 돈 찾기 | 신용 대출 비교하기 | 로그인전체서비스유의사항 | 툴팁 보기 | 예적금 금리정보 | 금융정보는 금융회사 홈페이지 등에 게시된 정보를 기초로 한 참고사항이며, 이는 수시로 변경될 수 있으므로 거래 전 해당 금융회사에 확인 바랍니다. | 최종 업데이트 2026.09.29 | 네이버파이낸셜㈜ 사업자 정보 | 펼치기"
3,신한은행,SOL메이트 연금예금,2.80,2.80,12개월이상 60개월이하 12개월 단위,300만원 부터 제한없음,영업점,실명의 개인,,,2.8,2.8,https://pay.naver.com/savings/detail/0c8877a1a3e9c91bc95a4cdc21f920c1,"네이버페이 | 예적금 | 내 계좌 | 검색 | 전체메뉴 | SOL메이트 연금예금 | 신한은행 | 누구나가입 | 이율 | 최고 | 연 2.80% | 이율 | 기본 | 연 2.80%(12개월,세전) | 전화 문의 | 공식홈에서 더 알아보기 | 상품 안내 | 기간 | 12개월이상 60개월이하 12개월 단위 | 금액 | 300만원 부터 제한없음 | 가입방법 | 영업점 | 대상 | 실명의 개인 | 더보기 | 금리 안내 | 12개월 만기시 세후수령액 (단리) | 예치금액 | 입력삭제 | 1,000만원 | 최고금리 | 2.80% | 기본금리 | 2.80% | 원금합계 | 10,000,000원 | 세전이자 | +280,000원 | 이자과세(15.4%) | -43,120원 | 세후수령액 | 10,236,880원 | 기간별 금리 | 기본 금리 | 기간 기본이율 온라인가입시 이율 | 12개월제 | 2.800% 2.800% | 24개월제 | 2.900% 2.900% | 36개월제 | 2.950% 2.950% | 48개월제 | 3.050% 3.050% | 60개월제 | 3.150% 3.150% | 유형 고정금리 | 금리 높은 예금 | 유니온정기예탁금 | 충절로신용협동조합 | 최고 4.21% | 유니온정기예탁금 | 대구대서신용협동조합 | 최고 4.20% | 유니온정기예탁금 | 부산원광신용협동조합 | 최고 4.20% | 더 많은 상품보기 | 편리한 내 금융자산 관리 | 내 신용점수 알아보기 | 잊고 있던 내 보험 찾기 | 계좌 속 숨은 돈 찾기 | 신용 대출 비교하기 | 로그인전체서비스유의사항 | 툴팁 보기 | 예적금 금리정보 | 금융정보는 금융회사 홈페이지 등에 게시된 정보를 기초로 한 참고사항이며, 이는 수시로 변경될 수 있으므로 거래 전 해당 금융회사에 확인 바랍니다. | 최종 업데이트 2026.09.29 | 네이버파이낸셜㈜ 사업자 정보 | 펼치기"
4,하나은행,행복knowhow 연금예금,2.45,2.45,최장 31년까지 가능,1백만원 이상(원단위),영업점,실명의 개인 또는 개인사업자,,,2.45,2.45,https://pay.naver.com/savings/detail/0d42e38b898fc6933a7d418793cfe6d0,"네이버페이 | 예적금 | 내 계좌 | 검색 | 전체메뉴 | 행복knowhow 연금예금 | 하나은행 | 누구나가입 | 이율 | 최고 | 연 2.45% | 이율 | 기본 | 연 2.45%(12개월,세전) | 전화 문의 | 공식홈에서 더 알아보기 | 상품 안내 | 기간 | 최장 31년까지 가능 | 거치기간 : 1년(선택사항) | 원리금지급기간 : 1년~30년(연단위 지정) | 금액 | 1백만원 이상(원단위) | 가입방법 | 영업점 | 대상 | 실명의 개인 또는 개인사업자 | 더보기 | 금리 안내 | 12개월 만기시 세후수령액 (단리) | 예치금액 | 입력삭제 | 1,000만원 | 최고금리 | 2.45% | 기본금리 | 2.45% | 원금합계 | 10,000,000원 | 세전이자 | +245,000원 | 이자과세(15.4%) | -37,730원 | 세후수령액 | 10,207,270원 | 기간별 금리 | 기본 금리 | 기간 1백만원이상 1억원이상 | 1년 | 2.450% 2.450% | 2년 | 2.550% 2.550% | 3년 | 2.550% 2.550% | 유형 고정금리 | 금리 높은 예금 | 유니온정기예탁금 | 충절로신용협동조합 | 최고 4.21% | 유니온정기예탁금 | 대구대서신용협동조합 | 최고 4.20% | 유니온정기예탁금 | 부산원광신용협동조합 | 최고 4.20% | 더 많은 상품보기 | 편리한 내 금융자산 관리 | 내 신용점수 알아보기 | 잊고 있던 내 보험 찾기 | 계좌 속 숨은 돈 찾기 | 신용 대출 비교하기 | 로그인전체서비스유의사항 | 툴팁 보기 | 예적금 금리정보 | 금융정보는 금융회사 홈페이지 등에 게시된 정보를 기초로 한 참고사항이며, 이는 수시로 변경될 수 있으므로 거래 전 해당 금융회사에 확인 바랍니다. | 최종 업데이트 2026.09.30 | 네이버파이낸셜㈜ 사업자 정보 | 펼치기"
4,NH농협은행,정기예금,2.60,2.60,1개월 이상 36개월 이내(월단위 또는 월/일 단위로 가입 가능),1천원 이상 제한없음,영업점,제한없음,,,2.6,2.6,https://pay.naver.com/savings/detail/198cedeaf33eaa4ec0c5ddd5e58fdb56,"네이버페이 | 예적금 | 내 계좌 | 검색 | 전체메뉴 | 정기예금 | NH농협은행 | 누구나가입 | 이율 | 최고 | 연 2.60% | 이율 | 기본 | 연 2.60%(12개월,세전) | 전화 문의 | 공식홈에서 더 알아보기 | 상품 안내 | 기간 | 1개월 이상 36개월 이내(월단위 또는 월/일 단위로 가입 가능) | 금액 | 1천원 이상 제한없음 | 가입방법 | 영업점 | 대상 | 제한없음 | 더보기 | 금리 안내 | 12개월 만기시 세후수령액 (단리) | 예치금액 | 입력삭제 | 1,000만원 | 최고금리 | 2.60% | 기본금리 | 2.60% | 원금합계 | 10,000,000원 | 세전이자 | +260,000원 | 이자과세(15.4%) | -40,040원 | 세후수령액 | 10,219,960원 | 기간별 금리 | 기본 금리 | 기간 만기일시지급식 이자지급식 | 1개월이상 ~ 3개월미만 | 2.300% 2.200% | 3개월이상 ~ 6개월미만 | 2.350% 2.250% | 6개월이상 ~ 12개월미만 | 2.450% 2.350% | 12개월이상 ~ 24개월미만 | 2.600% 2.500% | 24개월이상 ~ 36개월미만 | 2.550% 2.450% | 36개월이상 | 2.500% 2.400% | 유형 고정금리 | 금리 높은 예금 | 유니온정기예탁금 | 충절로신용협동조합 | 최고 4.21% | 유니온정기예탁금 | 대구대서신용협동조합 | 최고 4.20% | 유니온정기예탁금 | 부산원광신용협동조합 | 최고 4.20% | 더 많은 상품보기 | 편리한 내 금융자산 관리 | 내 신용점수 알아보기 | 잊고 있던 내 보험 찾기 | 계좌 속 숨은 돈 찾기 | 신용 대출 비교하기 | 로그인전체서비스유의사항 | 툴팁 보기 | 예적금 금리정보 | 금융정보는 금융회사 홈페이지 등에 게시된 정보를 기초로 한 참고사항이며, 이는 수시로 변경될 수 있으므로 거래 전 해당 금융회사에 확인 바랍니다. | 최종 업데이트 2026.09.30 | 네이버파이낸셜㈜ 사업자 정보 | 펼치기"
1,우리은행,우리 첫거래우대 정기예금,3.80,2.80,6~36개월,1백만원 이상 5천만원 이하(1백만원 단위),스마트폰(스마트폰전용),실명의 개인 (1인 1계좌),,,3.8,2.8,https://pay.naver.com/savings/detail/1b0bd3db5b88091055b1003221123a12,"네이버페이 | 예적금 | 내 계좌 | 검색 | 전체메뉴 | 우리 첫거래우대 정기예금 | 우리은행 | 특판방문없이가입누구나가입 | 이율 | 최고 | 연 3.80% | 이율 | 기본 | 연 2.80%(12개월,세전) | 특판 | (금리) 12개월 기본금리 연 2.80%에 우대금리 최대 연 1.00% 적용시 최고 연 3.80% 금리 제공 | (조건) 우대조건 충족 시 우대금리 제공 | 판매한도 : 9조원 (판매한도 소진 시 별도 안내 없이 판매가 중단됩니다.) | 전화 문의 | 공식홈에서 더 알아보기 | 상품 안내 | 기간 | 6~36개월 | 금액 | 1백만원 이상 5천만원 이하(1백만원 단위) | 가입방법 | 스마트폰(스마트폰전용) | 대상 | 실명의 개인 (1인 1계좌) | 더보기 | 금리 안내 | 12개월 만기시 세후수령액 (단리) | 예치금액 | 입력삭제 | 1,000만원 | 최고금리 | 3.80% | 기본금리 | 2.80% | 원금합계 | 10,000,000원 | 세전이자 | +380,000원 | 이자과세(15.4%) | -58,520원 | 세후수령액 | 10,321,480원 | 기간별 금리 | 기본 금리 | 기간 금리 | 6개월 이상 12개월 미만 | 2.600% | 12개월 이상 24개월 미만 | 2.800% | 24개월 이상 36개월 미만 | 2.200% | 36개월 | 2.200% | 조건별 | 아래 조건 충족 시 우대금리 적용 (최대 연 1.0%p) | 단, 우리은행 상품·서비스 마케팅 동의 항목 중 전화(휴대폰) 또는 SMS 중 하나 이상 동의 후 만기해지 시점까지 유지하는 경우 제공 | ※계약기간 만기 전 중도해지한 계좌에 대해서는 적용하지 않으며 세부 우대조건은 상품 약관 및 상품설명서를 확인해주세요 | 1 | 신규일 직전년도 말일 기준 우리은행 계좌를 보유하지 않은 경우 : 1% | 2 | 직전 1년간 우리은행 예·적금(입출금 제외) 상품을 보유하지 않은 경우 : 0.4% | 3 | 우리 오픈뱅킹 서비스를 가입하고 만기해지시점까지 유지한 경우 : 0.4% | 유형 고정금리 | 금리 높은 예금 | 유니온정기예탁금 | 충절로신용협동조합 | 최고 4.21% | 유니온정기예탁금 | 대구대서신용협동조합 | 최고 4.20% | 유니온정기예탁금 | 부산원광신용협동조합 | 최고 4.20% | 더 많은 상품보기 | 편리한 내 금융자산 관리 | 내 신용점수 알아보기 | 잊고 있던 내 보험 찾기 | 계좌 속 숨은 돈 찾기 | 신용 대출 비교하기 | 로그인전체서비스유의사항 | 툴팁 보기 | 예적금 금리정보 | 금융정보는 금융회사 홈페이지 등에 게시된 정보를 기초로 한 참고사항이며, 이는 수시로 변경될 수 있으므로 거래 전 해당 금융회사에 확인 바랍니다. | 최종 업데이트 2026.09.29 | 네이버파이낸셜㈜ 사업자 정보 | 펼치기"
4,IBK기업은행,IBK평생한가족통장(정기예금),2.45,2.25,"1년, 2년, 3년",최소 100만원 이상 통합한도 1억원 이내,"영업점, 인터넷뱅킹, 텔레뱅킹(IBK고객센터), i-ONE뱅크, IBK 모바일브랜치",실명의 개인(개인사업자 제외),,,2.45,2.25,https://pay.naver.com/savings/detail/1b441cfd7fe4796c2eda01915bd0de66,"네이버페이 | 예적금 | 내 계좌 | 검색 | 전체메뉴 | IBK평생한가족통장(정기예금) | IBK기업은행 | 방문없이가입누구나가입 | 이율 | 최고 | 연 2.45% | 이율 | 기본 | 연 2.25%(12개월,세전) | 전화 문의 | 공식홈에서 더 알아보기 | 상품 안내 | 기간 | 1년, 2년, 3년 | 금액 | 최소 100만원 이상 통합한도 1억원 이내 | ※ IBK평생한가족통장(중금채, 정기예금) 합산 1인당 최대 1억원까지, 계좌 수 제한 없음 | 가입방법 | 영업점, 인터넷뱅킹, 텔레뱅킹(IBK고객센터), i-ONE뱅크, IBK 모바일브랜치 | 대상 | 실명의 개인(개인사업자 제외) | 더보기 | 금리 안내 | 12개월 만기시 세후수령액 (단리) | 예치금액 | 입력삭제 | 1,000만원 | 최고금리 | 2.45% | 기본금리 | 2.25% | 원금합계 | 10,000,000원 | 세전이자 | +245,000원 | 이자과세(15.4%) | -37,730원 | 세후수령액 | 10,207,270원 | 기간별 금리 | 기본 금리 | 기간 금리 | 12개월 | 2.250% | 24개월 | 2.100% | 36개월 | 2.050% | 조건별 | 최고 연 0.2%p (고객별 우대금리+ 주거래 우대금리) | 1 | 고객별 우대금리 : 최고 연 0.05%p | ① 최초거래고객 : 가입일 당시 최초 실명등록을 한 고객, 연 0.05%p | ② 재예치 고객 : 상품 출시일 이후 당행 예,적금 만기해지일로부터 1개월 이내에 IBK평생한가족통장(적립식 또는 거치식)을 가입한 고객, 연 0.05%p | ③ 장기거래 고객 : 당행에 실명등록한 날로부터 3년이 경과한 고객, 연 0.05%p | 2 | 주거래 우대금리 : 최고 연 0.15%p | - 제공조건 : 계약기간 중 다음 주거래 실적조건 중 2개 이상을 충족하고, 만기해지 하는 경우 제공 | ① 급여이체 실적(월 50만원 이상) 또는 연금수급* 실적이 3개월 이상인 경우 | * 4대 연금(국민연금, 공무원연금, 군인연금, 사학연금), 장해연금(근로복지공단), 기초(노령)연금만 인정 | ② 이 통장(적립식, 거치식) 만기해지일 직전월로부터 3개월 동안 당행 입출금식* 상품 평잔이 1백만원 이상인 경우 | * I PLAN급여통장, IBK급여통장, 新IBK급여통장, 新서민섬김통장(입출식), IBK생활비통장, IBK평생안심통장, IBK평생설계통장, IBK평생한가족통장(입출식), IBK W통장(입출식), IBK소확행통장(입출식), IBK간편한통장, IBK늘푸른하늘통장(입출식), IBK주거래생활금융통장에 한함 | ③ (新)IBK아파트관리비 자동이체 또는 지로·공과금* 자동이체 월 3건 이상 실적이 3개월 이상 있는 경우 | * 지로, CMS, 펌뱅킹 | ④ 당행 신용(체크)카드 월 30만원 이상 이용실적*이 3개월 이상 있는 경우 | * 이용실적은 매출표 접수일 기준으로 결제계좌가 당행인 경우에 한함. (단, 현금서비스 이용실적은 제외) | ⑤ 당행 개인대출을 보유한 이력이 있는 경우 | ⑥ 당행 본인 적립식 상품(적금, 펀드, 주택청약, 적립식중금채)에 월 10만원 이상 자동이체 실적이 3개월 이상 있는 경우 (당행간 이체만 인정) | ⑦ ISA적립누계액이 100만원 이상인 경우* | * 해당 상품 만기 시 보유하고 있는 ISA적립누계액을 기준으로 함 | 유형 고정금리 | 금리 높은 예금 | 유니온정기예탁금 | 충절로신용협동조합 | 최고 4.21% | 유니온정기예탁금 | 대구대서신용협동조합 | 최고 4.20% | 유니온정기예탁금 | 부산원광신용협동조합 | 최고 4.20% | 더 많은 상품보기 | 편리한 내 금융자산 관리 | 내 신용점수 알아보기 | 잊고 있던 내 보험 찾기 | 계좌 속 숨은 돈 찾기 | 신용 대출 비교하기 | 로그인전체서비스유의사항 | 툴팁 보기 | 예적금 금리정보 | 금융정보는 금융회사 홈페이지 등에 게시된 정보를 기초로 한 참고사항이며, 이는 수시로 변경될 수 있으므로 거래 전 해당 금융회사에 확인 바랍니다. | 최종 업데이트 2026.09.29 | 네이버파이낸셜㈜ 사업자 정보 | 펼치기"
2,KDB산업은행,KDB 정기예금,3.60,3.60,1개월 이상 5년 이하(월단위 또는 일단위),100만원 이상,"영업점, 개인인터넷뱅킹, 기업인터넷뱅킹, 개인스마트폰뱅킹, 제휴채널",제한없음,,,3.6,3.6,https://pay.naver.com/savings/detail/1d80c27457d6d909c6567aaca6c23e4b,"네이버페이 | 예적금 | 내 계좌 | 검색 | 전체메뉴 | KDB 정기예금 | KDB산업은행 | 방문없이가입누구나가입 | 이율 | 최고 | 연 3.60% | 이율 | 기본 | 연 3.60%(12개월,세전) | 전화 문의 | 공식홈에서 더 알아보기 | 상품 안내 | 기간 | 1개월 이상 5년 이하(월단위 또는 일단위) | 금액 | 100만원 이상 | 가입방법 | 영업점, 개인인터넷뱅킹, 기업인터넷뱅킹, 개인스마트폰뱅킹, 제휴채널 | - 인터넷뱅킹, 스마트폰뱅킹 및 제휴채널을 통한 가입은 입출금이 자유로운 예금 계좌(이하 '근거계좌')를 보유한 고객에 한해 가능 | 대상 | 제한없음 | 더보기 | 금리 안내 | 12개월 만기시 세후수령액 (단리) | 예치금액 | 입력삭제 | 1,000만원 | 최고금리 | 3.60% | 기본금리 | 3.60% | 원금합계 | 10,000,000원 | 세전이자 | +360,000원 | 이자과세(15.4%) | -55,440원 | 세후수령액 | 10,304,560원 | 기간별 금리 | 기본 금리 | 기간 만기지급식 월이자지급식 | 1개월이상 ~ 2개월미만 | 2.900% 2.900% | 2개월이상 ~ 3개월미만 | 2.950% 2.900% | 3개월이상 ~ 4개월미만 | 3.100% 3.050% | 4개월이상 ~ 5개월미만 | 3.100% 3.050% | 5개월이상 ~ 6개월미만 | 3.100% 3.050% | 6개월이상 ~ 7개월미만 | 3.350% 3.300% | 7개월이상 ~ 8개월미만 | 3.350% 3.300% | 8개월이상 ~ 9개월미만 | 3.350% 3.300% | 9개월이상 ~ 10개월미만 | 3.350% 3.300% | 10개월이상 ~ 11개월미만 | 3.400% 3.350% | 11개월이상 ~ 12개월미만 | 3.400% 3.350% | 12개월이상 ~ 18개월미만 | 3.600% 3.550% | 18개월이상 ~ 24개월미만 | 3.100% 3.000% | 24개월이상 ~ 36개월미만 | 2.850% 2.750% | 36개월이상 ~ 48개월미만 | 2.750% 2.650% | 48개월이상 ~ 60개월미만 | 2.750% 2.650% | 60개월 | 2.750% 2.650% | 유형 고정금리 | 금리 높은 예금 | 유니온정기예탁금 | 충절로신용협동조합 | 최고 4.21% | 유니온정기예탁금 | 대구대서신용협동조합 | 최고 4.20% | 유니온정기예탁금 | 부산원광신용협동조합 | 최고 4.20% | 더 많은 상품보기 | 편리한 내 금융자산 관리 | 내 신용점수 알아보기 | 잊고 있던 내 보험 찾기 | 계좌 속 숨은 돈 찾기 | 신용 대출 비교하기 | 로그인전체서비스유의사항 | 툴팁 보기 | 예적금 금리정보 | 금융정보는 금융회사 홈페이지 등에 게시된 정보를 기초로 한 참고사항이며, 이는 수시로 변경될 수 있으므로 거래 전 해당 금융회사에 확인 바랍니다. | 최종 업데이트 2026.09.30 | 네이버파이낸셜㈜ 사업자 정보 | 펼치기"
2,IBK기업은행,IBK굴리기통장(정기예금),3.68,3.68,"1개월 이상 12개월 이내(일, 월단위)",최소 1백만원 이상 통합한도 5억원 이내(원단위),"영업점, 텔레뱅킹(IBK고객센터), i-ONE뱅크, IBK 모바일브랜치",실명의 개인(개인사업자 제외),,,3.68,3.68,https://pay.naver.com/savings/detail/1f80952a5d2f72e254a19acfb337fb02,"네이버페이 | 예적금 | 내 계좌 | 검색 | 전체메뉴 | IBK굴리기통장(정기예금) | IBK기업은행 | 방문없이가입누구나가입 | 이율 | 최고 | 연 3.68% | 이율 | 기본 | 연 3.68%(12개월,세전) | 전화 문의 | 공식홈에서 더 알아보기 | 상품 안내 | 기간 | 1개월 이상 12개월 이내(일, 월단위) | 금액 | 최소 1백만원 이상 통합한도 5억원 이내(원단위) | ※ IBK굴리기통장(단기중금채, 정기예금) 합산 1인당 최대 5억원까지 가입 가능 | 가입방법 | 영업점, 텔레뱅킹(IBK고객센터), i-ONE뱅크, IBK 모바일브랜치 | 대상 | 실명의 개인(개인사업자 제외) | 더보기 | 금리 안내 | 12개월 만기시 세후수령액 (단리) | 예치금액 | 입력삭제 | 1,000만원 | 최고금리 | 3.68% | 기본금리 | 3.68% | 원금합계 | 10,000,000원 | 세전이자 | +368,000원 | 이자과세(15.4%) | -56,672원 | 세후수령액 | 10,311,328원 | 기간별 금리 | 기본 금리 | 기간 금리 | 1개월 | 2.780% | 3개월 | 3.080% | 6개월 | 3.450% | 9개월 | 3.580% | 12개월 | 3.680% | 유형 고정금리 | 금리 높은 예금 | 유니온정기예탁금 | 충절로신용협동조합 | 최고 4.21% | 유니온정기예탁금 | 대구대서신용협동조합 | 최고 4.20% | 유니온정기예탁금 | 부산원광신용협동조합 | 최고 4.20% | 더 많은 상품보기 | 편리한 내 금융자산 관리 | 내 신용점수 알아보기 | 잊고 있던 내 보험 찾기 | 계좌 속 숨은 돈 찾기 | 신용 대출 비교하기 | 로그인전체서비스유의사항 | 툴팁 보기 | 예적금 금리정보 | 금융정보는 금융회사 홈페이지 등에 게시된 정보를 기초로 한 참고사항이며, 이는 수시로 변경될 수 있으므로 거래 전 해당 금융회사에 확인 바랍니다. | 최종 업데이트 2026.09.29 | 네이버파이낸셜㈜ 사업자 정보 | 펼치기"
3,SH수협은행,독도사랑예금,2.80,2.80,만기일시지급식 : 1개월 이상 12개월 이하(월단위 또는 일단위 계약가능),1백만원 이상,"영업점, 인터넷뱅킹, 스마트폰뱅킹",개인 및 개인사업자,,,2.8,2.8,https://pay.naver.com/savings/detail/211a313504aeecb546a72ce506523dbe,"네이버페이 | 예적금 | 내 계좌 | 검색 | 전체메뉴 | 독도사랑예금 | SH수협은행 | 방문없이가입누구나가입 | 이율 | 최고 | 연 2.80% | 이율 | 기본 | 연 2.80%(12개월,세전) | 전화 문의 | 공식홈에서 더 알아보기 | 상품 안내 | 기간 | 만기일시지급식 : 1개월 이상 12개월 이하(월단위 또는 일단위 계약가능) | 월이자지급식 : 3개월 이상 12개월 이하(월단위) | 금액 | 1백만원 이상 | 가입방법 | 영업점, 인터넷뱅킹, 스마트폰뱅킹 | 대상 | 개인 및 개인사업자 | 더보기 | 금리 안내 | 12개월 만기시 세후수령액 (단리) | 예치금액 | 입력삭제 | 1,000만원 | 최고금리 | 2.80% | 기본금리 | 2.80% | 원금합계 | 10,000,000원 | 세전이자 | +280,000원 | 이자과세(15.4%) | -43,120원 | 세후수령액 | 10,236,880원 | 기간별 금리 | 기본 금리 | 기간 월이자지급식(이율) 월이자지급식(연수익율) 만기일시지급식(이율) 만기일시지급식(연수익율) | 1개월이상-3개월미만 | - | - | 2.250% | - | 3개월이상-6개월미만 | 2.150% | - | 2.350% | - | 6개월이상-9개월미만 | 2.350% | - | 2.550% | - | 9개월이상-12개월미만 | 2.350% | - | 2.550% | - | 12개월 | 2.600% 2.630% 2.800% 2.800% | 유형 고정금리 | 금리 높은 예금 | 유니온정기예탁금 | 충절로신용협동조합 | 최고 4.21% | 유니온정기예탁금 | 대구대서신용협동조합 | 최고 4.20% | 유니온정기예탁금 | 부산원광신용협동조합 | 최고 4.20% | 더 많은 상품보기 | 편리한 내 금융자산 관리 | 내 신용점수 알아보기 | 잊고 있던 내 보험 찾기 | 계좌 속 숨은 돈 찾기 | 신용 대출 비교하기 | 로그인전체서비스유의사항 | 툴팁 보기 | 예적금 금리정보 | 금융정보는 금융회사 홈페이지 등에 게시된 정보를 기초로 한 참고사항이며, 이는 수시로 변경될 수 있으므로 거래 전 해당 금융회사에 확인 바랍니다. | 최종 업데이트 2026.09.30 | 네이버파이낸셜㈜ 사업자 정보 | 펼치기"
2,iM뱅크,iM함께예금 네이버 페이,3.55,3.10,1년,100만원 이상,"영업점, 인터넷뱅킹, iM뱅크 앱, 모바일웹",실명의 개인 또는 개인사업자,,,3.55,3.1,https://pay.naver.com/savings/detail/301a024b9e867f19179839a928cce020,"네이버페이 | 예적금 | 내 계좌 | 검색 | 전체메뉴 | iM함께예금 | 네이버 페이 | iM뱅크 | 방문없이가입누구나가입 | 이율 | 최고 | 연 3.55% | 이율 | 기본 | 연 3.10%(12개월,세전) | 전화 문의 | 네이버 페이 | 간편가입 | 상품 안내 | 기간 | 1년 | 금액 | 100만원 이상 | 가입방법 | 영업점, 인터넷뱅킹, iM뱅크 앱, 모바일웹 | 대상 | 실명의 개인 또는 개인사업자 | 더보기 | 금리 안내 | 12개월 만기시 세후수령액 (단리) | 예치금액 | 입력삭제 | 1,000만원 | 최고금리 | 3.55% | 기본금리 | 3.10% | 원금합계 | 10,000,000원 | 세전이자 | +355,000원 | 이자과세(15.4%) | -54,670원 | 세후수령액 | 10,300,330원 | 기간별 금리 | 기본 금리 | 기간 기본 이자율 기본 연수익율 최고 ㈜영업점 최고 ㈜인터넷 | 12개월 | 3.100% 3.100% 3.500% 3.550% | 조건별 | 1 | 인터넷, 모바일뱅킹에서 가입 시 비대면우대이자율 : 연0.05%p | 아래 2~5 우대조건 충족 시 우대이자율 : 최고 연0.40%p(세전) | 2 | (우대이자율결정일:가입일)전월 총수신 평잔 30만원 이상 또는 상품 가입 전 첫만남플러스통장 보유한 고객 : 연0.10%p | 3 | (우대이자율결정일:가입일)상품 가입 전 iM뱅크 주택청약상품 보유한 고객 : 연0.10%p | 4 | (우대이자율결정일:만기일)신규일 ""iM함께적금"" 동시 가입 후 예금 및 적금(12회불입)만기일까지 보유한 고객 : 연0.10%p | 5 | (우대이자율결정일:만기일)iM뱅크 오픈뱅킹서비스에 다른 은행 계좌가 등록된 고객 : 연0.10%p | 유형 고정금리 | 금리 높은 예금 | 유니온정기예탁금 | 충절로신용협동조합 | 최고 4.21% | 유니온정기예탁금 | 대구대서신용협동조합 | 최고 4.20% | 유니온정기예탁금 | 부산원광신용협동조합 | 최고 4.20% | 더 많은 상품보기 | 편리한 내 금융자산 관리 | 내 신용점수 알아보기 | 잊고 있던 내 보험 찾기 | 계좌 속 숨은 돈 찾기 | 신용 대출 비교하기 | 로그인전체서비스유의사항 | 툴팁 보기 | 예적금 금리정보 | 금융정보는 금융회사 홈페이지 등에 게시된 정보를 기초로 한 참고사항이며, 이는 수시로 변경될 수 있으므로 거래 전 해당 금융회사에 확인 바랍니다. | 최종 업데이트 2026.09.29 | 네이버파이낸셜㈜ 사업자 정보 | 펼치기"
3,iM뱅크,iM주거래우대예금(첫만남고객형),3.30,2.65,6개월 이상 3년 이내(월 또는 일단위),100만원 이상,"영업점, 인터넷뱅킹, iM뱅크 앱",개인(공동명의로 가입 불가),,,3.3,2.65,https://pay.naver.com/savings/detail/313f56d76e9f24dad4bdab455b96e0f0,"네이버페이 | 예적금 | 내 계좌 | 검색 | 전체메뉴 | iM주거래우대예금(첫만남고객형) | iM뱅크 | 방문없이가입누구나가입 | 이율 | 최고 | 연 3.30% | 이율 | 기본 | 연 2.65%(12개월,세전) | 전화 문의 | 공식홈에서 더 알아보기 | 상품 안내 | 기간 | 6개월 이상 3년 이내(월 또는 일단위) | 금액 | 100만원 이상 | 가입방법 | 영업점, 인터넷뱅킹, iM뱅크 앱 | 대상 | 개인(공동명의로 가입 불가) | 더보기 | 금리 안내 | 12개월 만기시 세후수령액 (단리) | 예치금액 | 입력삭제 | 1,000만원 | 최고금리 | 3.30% | 기본금리 | 2.65% | 원금합계 | 10,000,000원 | 세전이자 | +330,000원 | 이자과세(15.4%) | -50,820원 | 세후수령액 | 10,279,180원 | 기간별 금리 | 기본 금리 | 기간 기본 이자율 기본 연수익율 최고 ㈜영업점 최고 ㈜인터넷 | 6개월이상 ~ 12개월미만 | 2.060% | - | 2.660% 2.710% | 12개월이상 ~ 24개월미만 | 2.650% 2.650% 3.250% 3.300% | 24개월이상 ~ 36개월미만 | 2.520% 2.490% 3.120% 3.170% | 36개월 | 2.540% 2.480% 3.140% 3.190% | 조건별 | 1 | 인터넷/모바일뱅킹에서 가입시 비대면우대이자율이 추가 적용됩니다. | 단, 중도에 통장 발행 등 일반예금으로 전환하는 경우 전체 예금기간에 대해 비대면우대이자율은 적용되지 않습니다. : 0.05% | 우대이자율 : 최고 연 0.60%p | - 우대이자율결정일 및 실적계산기준일 : 신규가입일 | - 미충족된 우대이자율은 가입 후에 적용이 불가합니다. | 2 | 상품 가입 전 최근 1년간 당행 거치식예금(정기예금, 주택청약예금, Rich지수연동예금, 양도성예금증서(CD통장식), 환매조건부채권매도(RP) 등)을 보유하지 않은 고객 : 0.2% | 3 | 상품 가입 전 최근 1개월 이내에 당행 신용(체크)카드를 신규로 신청하여 정상발급* (카드번호 생성)이 완료된 고객 | * 카드 발급 심사로 인해 발급신청과 발급완료 시점이 일치하지 않을 수 있으며, 발급 신청만으로는 우대이자율 적용이 불가함 : 0.2% | 4 | 상품 가입 전 최근 1개월 이내 당행 인터넷ㆍ폰ㆍ모바일앱뱅킹을 가입한 고객 : 0.2% | 유형 고정금리 | 금리 높은 예금 | 유니온정기예탁금 | 충절로신용협동조합 | 최고 4.21% | 유니온정기예탁금 | 대구대서신용협동조합 | 최고 4.20% | 유니온정기예탁금 | 부산원광신용협동조합 | 최고 4.20% | 더 많은 상품보기 | 편리한 내 금융자산 관리 | 내 신용점수 알아보기 | 잊고 있던 내 보험 찾기 | 계좌 속 숨은 돈 찾기 | 신용 대출 비교하기 | 로그인전체서비스유의사항 | 툴팁 보기 | 예적금 금리정보 | 금융정보는 금융회사 홈페이지 등에 게시된 정보를 기초로 한 참고사항이며, 이는 수시로 변경될 수 있으므로 거래 전 해당 금융회사에 확인 바랍니다. | 최종 업데이트 2026.09.29 | 네이버파이낸셜㈜ 사업자 정보 | 펼치기"
4,iM뱅크,친환경녹색예금,2.71,2.46,1년 이상 ~ 3년 이내(월 또는 일 단위),3백만원 이상,영업점,"제한 없음(단, 국가 및 지방자치단체는 제외)",,,2.71,2.46,https://pay.naver.com/savings/detail/3278782054a25278f5c78e333fc7b15f,"네이버페이 | 예적금 | 내 계좌 | 검색 | 전체메뉴 | 친환경녹색예금 | iM뱅크 | 누구나가입 | 이율 | 최고 | 연 2.71% | 이율 | 기본 | 연 2.46%(12개월,세전) | 전화 문의 | 공식홈에서 더 알아보기 | 상품 안내 | 기간 | 1년 이상 ~ 3년 이내(월 또는 일 단위) | 금액 | 3백만원 이상 | • 추가 입금횟수 및 입금가능금액(원단위) : 제한 없음 | • 추가입금 제한 | - 만기 잔존기간이 1개월 이내인 경우 | - 비과세종합저축의 한도 범위를 초과한 경우 | • 추가입금 시 적용이자율 | - 입금건별 추가입금일에 고시한 예치기간별 이자율 + 신규시 적용된 우대이자율 | 가입방법 | 영업점 | 대상 | 제한 없음(단, 국가 및 지방자치단체는 제외) | 더보기 | 금리 안내 | 12개월 만기시 세후수령액 (단리) | 예치금액 | 입력삭제 | 1,000만원 | 최고금리 | 2.71% | 기본금리 | 2.46% | 원금합계 | 10,000,000원 | 세전이자 | +271,000원 | 이자과세(15.4%) | -41,734원 | 세후수령액 | 10,229,266원 | 기간별 금리 | 기본 금리 | 기간 기본 이자율 기본 연수익율 최고 ㈜영업점 최고 ㈜인터넷 | 1개월이상 ~ 3개월미만 | 1.350% | - | 1.600% 1.600% | 3개월이상 ~ 6개월미만 | 1.470% | - | 1.720% 1.720% | 6개월이상 ~ 9개월미만 | 1.870% | - | 2.120% 2.120% | 9개월이상 ~ 12개월미만 | 1.870% | - | 2.120% 2.120% | 12개월이상 ~ 24개월미만 | 2.460% 2.460% 2.710% 2.710% | 24개월이상 ~ 36개월미만 | 2.330% 2.300% 2.580% 2.580% | 36개월 | 2.350% 2.300% 2.600% 2.600% | 조건별 | 우대이자율 : 최고 연 0.25%p | - 우대이자율은 본인 및 배우자에 한하여 적용되며, 배우자가 적용받고자 하는 경우 관계입증서류를 추가로 제출하여야 합니다. | 1 | 승용차요일제 참여고객 | * 각 지방자치단체 승용차요일제 홈페이지 '나의 요일제’ 조회 후 출력한 서류를 제출한 고객 : 0.1% | 2 | 저공해 자동차 보유고객(저공해 자동차* 등록증을 제출한 고객) | *저공해자동차 인정 범위 : LPG 차량 , 하이브리드차량 , 1,000cc 이하 승용차 경차 : 0.05% | 3 | 탄소포인트제 참여고객 | * http://cpoint.or.kr을 통해 탄소포인트제 참여를 신청하고 '가입확인서'를 출력하여 은행에 제출한 고객 : 0.05% | 4 | 자전거타기 관련단체 가입고객 | * 자전거타기 관련 각종단체 및 협회 등에 가입하고 회원임을 검증할 수 있는 서류(회원증 사본 , 가입등명서 등을 제출한 고객 : 0.05% | 유형 고정금리 | 금리 높은 예금 | 유니온정기예탁금 | 충절로신용협동조합 | 최고 4.21% | 유니온정기예탁금 | 대구대서신용협동조합 | 최고 4.20% | 유니온정기예탁금 | 부산원광신용협동조합 | 최고 4.20% | 더 많은 상품보기 | 편리한 내 금융자산 관리 | 내 신용점수 알아보기 | 잊고 있던 내 보험 찾기 | 계좌 속 숨은 돈 찾기 | 신용 대출 비교하기 | 로그인전체서비스유의사항 | 툴팁 보기 | 예적금 금리정보 | 금융정보는 금융회사 홈페이지 등에 게시된 정보를 기초로 한 참고사항이며, 이는 수시로 변경될 수 있으므로 거래 전 해당 금융회사에 확인 바랍니다. | 최종 업데이트 2026.09.29 | 네이버파이낸셜㈜ 사업자 정보 | 펼치기"
3,광주은행,중도해지 괜찮Wa예금,2.85,2.85,1년,계좌 당 최소가입금액 10만원 이상 2천만원 이하,"모바일뱅킹, 스마트뱅킹",실명의 개인,,,2.85,2.85,https://pay.naver.com/savings/detail/33f1970a27447b97fcbab97e473ecc33,"네이버페이 | 예적금 | 내 계좌 | 검색 | 전체메뉴 | 중도해지 괜찮Wa예금 | 광주은행 | 방문없이가입누구나가입 | 이율 | 최고 | 연 2.85% | 이율 | 기본 | 연 2.85%(12개월,세전) | 전화 문의 | 공식홈에서 더 알아보기 | 상품 안내 | 기간 | 1년 | 금액 | 계좌 당 최소가입금액 10만원 이상 2천만원 이하 | 가입방법 | 모바일뱅킹, 스마트뱅킹 | 대상 | 실명의 개인 | 더보기 | 금리 안내 | 12개월 만기시 세후수령액 (단리) | 예치금액 | 입력삭제 | 1,000만원 | 최고금리 | 2.85% | 기본금리 | 2.85% | 원금합계 | 10,000,000원 | 세전이자 | +285,000원 | 이자과세(15.4%) | -43,890원 | 세후수령액 | 10,241,110원 | 기간별 금리 | 기본 금리 | 기간 금리 | 1년 | 2.850% | 조건별 | 추가 우대금리 이벤트 또는 쿠폰 발급 | 1 | 광주은행에서 실시하는 이벤트 조건에 부합하거나 우대금리 쿠폰을 발급 받아 쿠폰 조건을 충족한 경우 추가 우대금리를 제공하며, 이벤트 또는 쿠폰 발급 시행 시 해당 내용을 인터넷 홈페이지 등에 게시합니다. | 유형 고정금리 | 금리 높은 예금 | 유니온정기예탁금 | 충절로신용협동조합 | 최고 4.21% | 유니온정기예탁금 | 대구대서신용협동조합 | 최고 4.20% | 유니온정기예탁금 | 부산원광신용협동조합 | 최고 4.20% | 더 많은 상품보기 | 편리한 내 금융자산 관리 | 내 신용점수 알아보기 | 잊고 있던 내 보험 찾기 | 계좌 속 숨은 돈 찾기 | 신용 대출 비교하기 | 로그인전체서비스유의사항 | 툴팁 보기 | 예적금 금리정보 | 금융정보는 금융회사 홈페이지 등에 게시된 정보를 기초로 한 참고사항이며, 이는 수시로 변경될 수 있으므로 거래 전 해당 금융회사에 확인 바랍니다. | 최종 업데이트 2026.10.01 | 네이버파이낸셜㈜ 사업자 정보 | 펼치기"
1,경남은행,The파트너예금,3.75,3.35,"3개월, 6개월, 12개월, 24개월",고객당 1백만원 ~ 10억원 이하,개인 모바일뱅킹,실명의 개인,,,3.75,3.35,https://pay.naver.com/savings/detail/3465fd52e4e4b0dc36666d7af17b10a0,"네이버페이 | 예적금 | 내 계좌 | 검색 | 전체메뉴 | The파트너예금 | 경남은행 | 방문없이가입누구나가입 | 이율 | 최고 | 연 3.75% | 이율 | 기본 | 연 3.35%(12개월,세전) | 전화 문의 | 공식홈에서 더 알아보기 | 상품 안내 | 기간 | 3개월, 6개월, 12개월, 24개월 | 금액 | 고객당 1백만원 ~ 10억원 이하 | 가입방법 | 개인 모바일뱅킹 | 대상 | 실명의 개인 | 더보기 | 금리 안내 | 12개월 만기시 세후수령액 (단리) | 예치금액 | 입력삭제 | 1,000만원 | 최고금리 | 3.75% | 기본금리 | 3.35% | 원금합계 | 10,000,000원 | 세전이자 | +375,000원 | 이자과세(15.4%) | -57,750원 | 세후수령액 | 10,317,250원 | 기간별 금리 | 기본 금리 | 기간 금리 | 3개월 | 2.850% | 6개월 | 3.000% | 12개월 | 3.350% | 24개월 | 2.150% | 조건별 | 우대이율(연, 세전, 최대 0.40%) | ＃우대이율 충족여부 확인하기: 경남은행 모바일뱅킹 앱 → 전체계좌조회 → 거래내역조회 → 예상적용금리 | 1 | 마케팅동의 우대: 0.10% | - 은행 마케팅동의 및 모바일메시지 수신동의 고객 | 2 | 주거래고객 우대: 0.30% | 1) 급여, 연금, 가맹점대금 입금 시: 0.20% | 2) 당행 카드 결제실적 보유 시: 0.10% | 3 | 유의사항 | 1) 주거래 우대 기준 | - 당행 본인 입출금계좌로 상품가입기간(신규월, 만기월 제외)동안 총 가입월수의 1/2 이상 충족 시 제공 | - 단, 가입기간이 3개월인 경우에는 가입기간 중 1회이상 충족 시 제공 | 2) 급여, 연금, 가맹점대금 입금 기준 | - 급여: 적요에 급여가 포함되고, 50만원이상 입금된 경우 | - 연금: 적요에 연금이 포함되어 입금된 경우 | - 가맹점대금: BC카드, 신한카드, 삼성카드 가맹점대금이 입금된 경우 | 유형 고정금리 | 금리 높은 예금 | 유니온정기예탁금 | 충절로신용협동조합 | 최고 4.21% | 유니온정기예탁금 | 대구대서신용협동조합 | 최고 4.20% | 유니온정기예탁금 | 부산원광신용협동조합 | 최고 4.20% | 더 많은 상품보기 | 편리한 내 금융자산 관리 | 내 신용점수 알아보기 | 잊고 있던 내 보험 찾기 | 계좌 속 숨은 돈 찾기 | 신용 대출 비교하기 | 로그인전체서비스유의사항 | 툴팁 보기 | 예적금 금리정보 | 금융정보는 금융회사 홈페이지 등에 게시된 정보를 기초로 한 참고사항이며, 이는 수시로 변경될 수 있으므로 거래 전 해당 금융회사에 확인 바랍니다. | 최종 업데이트 2026.10.01 | 네이버파이낸셜㈜ 사업자 정보 | 펼치기"
3,광주은행,디지털예금,3.20,3.10,1개월 이상 36개월 이하 (월단위),최소 가입금액 1백만원 이상 (원단위),"모바일웹뱅킹, 스마트뱅킹",실명의 개인,,,3.2,3.1,https://pay.naver.com/savings/detail/3a501e96eb210979de5a7ec5acbc76b1,"네이버페이 | 예적금 | 내 계좌 | 검색 | 전체메뉴 | 디지털예금 | 광주은행 | 방문없이가입누구나가입 | 이율 | 최고 | 연 3.20% | 이율 | 기본 | 연 3.10%(12개월,세전) | 전화 문의 | 공식홈에서 더 알아보기 | 상품 안내 | 기간 | 1개월 이상 36개월 이하 (월단위) | 금액 | 최소 가입금액 1백만원 이상 (원단위) | 가입방법 | 모바일웹뱅킹, 스마트뱅킹 | 대상 | 실명의 개인 | 더보기 | 금리 안내 | 12개월 만기시 세후수령액 (단리) | 예치금액 | 입력삭제 | 1,000만원 | 최고금리 | 3.20% | 기본금리 | 3.10% | 원금합계 | 10,000,000원 | 세전이자 | +320,000원 | 이자과세(15.4%) | -49,280원 | 세후수령액 | 10,270,720원 | 기간별 금리 | 기본 금리 | 기간 금리 | 1개월 이상~3개월 미만 | 1.940% | 3개월 이상~6개월 미만 | 2.550% | 6개월 이상~12개월 미만 | 2.800% | 12개월 이상~24개월 미만 | 3.100% | 24개월 이상~36개월 미만 | 3.100% | 36개월 | 2.450% | 조건별 | 이 예금은 아래의 조건을 충족하는 만기해지계좌에 대하여 연 0.10%p 우대금리를 제공합니다. | 1 | 마케팅 동의 우대금리 - 이 예금 가입 시 개인(신용)정보 수집·이용 동의서(상품서비스 안내 등)의 수집·이용에 관한 모든 항목 및 안내수단에 전체 동의 하는 경우 : 0.1% | 추가 우대금리 이벤트 또는 쿠폰 발급 | 2 | 광주은행에서 실시하는 이벤트 조건에 부합하거나 우대금리 쿠폰을 발급받아 쿠폰 조건을 충족한 경우 추가 우대금리를 제공하며, 이벤트 또는 쿠폰 발급 시행 시 해당 내용을 인터넷 홈페이지 등에 게시합니다. | 유형 고정금리 | 금리 높은 예금 | 유니온정기예탁금 | 충절로신용협동조합 | 최고 4.21% | 유니온정기예탁금 | 대구대서신용협동조합 | 최고 4.20% | 유니온정기예탁금 | 부산원광신용협동조합 | 최고 4.20% | 더 많은 상품보기 | 편리한 내 금융자산 관리 | 내 신용점수 알아보기 | 잊고 있던 내 보험 찾기 | 계좌 속 숨은 돈 찾기 | 신용 대출 비교하기 | 로그인전체서비스유의사항 | 툴팁 보기 | 예적금 금리정보 | 금융정보는 금융회사 홈페이지 등에 게시된 정보를 기초로 한 참고사항이며, 이는 수시로 변경될 수 있으므로 거래 전 해당 금융회사에 확인 바랍니다. | 최종 업데이트 2026.10.01 | 네이버파이낸셜㈜ 사업자 정보 | 펼치기"
2,광주은행,스마트모아Dream정기예금,3.68,3.48,1개월 이상 3년 이하 월단위,1백만원 이상 원단위,"인터넷뱅킹, 스마트뱅킹, 모바일웹뱅킹",실명의 개인 및 개인사업자,,,3.68,3.48,https://pay.naver.com/savings/detail/3adc7e152e5093d625000086b7c815be,"네이버페이 | 예적금 | 내 계좌 | 검색 | 전체메뉴 | 스마트모아Dream정기예금 | 광주은행 | 방문없이가입누구나가입 | 이율 | 최고 | 연 3.68% | 이율 | 기본 | 연 3.48%(12개월,세전) | 전화 문의 | 공식홈에서 더 알아보기 | 상품 안내 | 기간 | 1개월 이상 3년 이하 월단위 | 금액 | 1백만원 이상 원단위 | 가입방법 | 인터넷뱅킹, 스마트뱅킹, 모바일웹뱅킹 | 대상 | 실명의 개인 및 개인사업자 | 더보기 | 금리 안내 | 12개월 만기시 세후수령액 (단리) | 예치금액 | 입력삭제 | 1,000만원 | 최고금리 | 3.68% | 기본금리 | 3.48% | 원금합계 | 10,000,000원 | 세전이자 | +368,000원 | 이자과세(15.4%) | -56,672원 | 세후수령액 | 10,311,328원 | 기간별 금리 | 기본 금리 | 기간 만기일시지급식 월이자지급식 1천만원이상 만기일시지급식 (온라인 가입시) 1천만원이상 월이자지급식 (온라인 가입시) | 1개월 이상 3개월 미만 | 2.450% | - | 2.550% | - | 3개월 이상 6개월 미만 | 2.800% | - | 2.900% | - | 6개월 이상 1년 미만 | 3.150% 3.050% 3.250% 3.150% | 1년 이상 2년 미만 | 3.480% 3.380% 3.680% 3.580% | 2년 이상 3년 미만 | 3.310% 3.210% 3.510% 3.410% | 3년 이상 | 3.170% 3.070% 3.370% 3.270% | 조건별 | 추가 우대금리 이벤트 또는 쿠폰발급 | 1 | 광주은행에서 실시하는 이벤트 조건*에 부합할 경우 결과에 따른 추가 우대금리를 제공합니다. | *이벤트 조건은 이벤트기간 동안 광주은행 인터넷홈페이지 등에 게시되며, 충족하는 조건에 따라 이 예금의 만기해지 시 금리에 자동 적용됩니다. | 2 | 이 예금에 가입 전에 ‘우대금리쿠폰’*을 발급 받은 고객이 우대금리 쿠폰에 기재된 조건을 충족한 경우 추가 우대금리를 제공합니다. | *‘우대금리쿠폰’은 광주은행 고객 이벤트 등을 통해 특정 기간 중 특정 상품(서비스)에 가입하거나 다양한 이벤트 활동에 참여하여 조건을 달성한 경우 발급됩니다. | 유형 고정금리 | 금리 높은 예금 | 유니온정기예탁금 | 충절로신용협동조합 | 최고 4.21% | 유니온정기예탁금 | 대구대서신용협동조합 | 최고 4.20% | 유니온정기예탁금 | 부산원광신용협동조합 | 최고 4.20% | 더 많은 상품보기 | 편리한 내 금융자산 관리 | 내 신용점수 알아보기 | 잊고 있던 내 보험 찾기 | 계좌 속 숨은 돈 찾기 | 신용 대출 비교하기 | 로그인전체서비스유의사항 | 툴팁 보기 | 예적금 금리정보 | 금융정보는 금융회사 홈페이지 등에 게시된 정보를 기초로 한 참고사항이며, 이는 수시로 변경될 수 있으므로 거래 전 해당 금융회사에 확인 바랍니다. | 최종 업데이트 2026.10.01 | 네이버파이낸셜㈜ 사업자 정보 | 펼치기"
1,SH수협은행,헤이(Hey)정기예금,3.81,3.81,3개월 이상 12개월 이하(월단위),"10만원 이상 10억원 이하(다계좌 가능하나, 1인당 가입한도는 합산하여 최대 10억원까지)","스마트폰뱅킹, 인터넷뱅킹",실명의 개인,,,3.81,3.81,https://pay.naver.com/savings/detail/3aefef34f8b32d7093de80fce490690e,"네이버페이 | 예적금 | 내 계좌 | 검색 | 전체메뉴 | 헤이(Hey)정기예금 | SH수협은행 | 방문없이가입누구나가입 | 이율 | 최고 | 연 3.81% | 이율 | 기본 | 연 3.81%(12개월,세전) | 전화 문의 | 공식홈에서 더 알아보기 | 상품 안내 | 기간 | 3개월 이상 12개월 이하(월단위) | 금액 | 10만원 이상 10억원 이하(다계좌 가능하나, 1인당 가입한도는 합산하여 최대 10억원까지) | 가입방법 | 스마트폰뱅킹, 인터넷뱅킹 | 대상 | 실명의 개인 | 더보기 | 금리 안내 | 12개월 만기시 세후수령액 (단리) | 예치금액 | 입력삭제 | 1,000만원 | 최고금리 | 3.81% | 기본금리 | 3.81% | 원금합계 | 10,000,000원 | 세전이자 | +381,000원 | 이자과세(15.4%) | -58,674원 | 세후수령액 | 10,322,326원 | 기간별 금리 | 기본 금리 | 기간 금리 | 3개월이상-6개월미만 | 3.500% | 6개월이상-12개월미만 | 3.650% | 12개월 | 3.810% | 유형 고정금리 | 금리 높은 예금 | 유니온정기예탁금 | 충절로신용협동조합 | 최고 4.21% | 유니온정기예탁금 | 대구대서신용협동조합 | 최고 4.20% | 유니온정기예탁금 | 부산원광신용협동조합 | 최고 4.20% | 더 많은 상품보기 | 편리한 내 금융자산 관리 | 내 신용점수 알아보기 | 잊고 있던 내 보험 찾기 | 계좌 속 숨은 돈 찾기 | 신용 대출 비교하기 | 로그인전체서비스유의사항 | 툴팁 보기 | 예적금 금리정보 | 금융정보는 금융회사 홈페이지 등에 게시된 정보를 기초로 한 참고사항이며, 이는 수시로 변경될 수 있으므로 거래 전 해당 금융회사에 확인 바랍니다. | 최종 업데이트 2026.09.30 | 네이버파이낸셜㈜ 사업자 정보 | 펼치기"
2,케이뱅크,코드K 정기예금,3.61,3.61,1개월 ~ 36개월,100만원 이상,케이뱅크 앱,만 17세 이상 실명의 개인 및 개인사업자,,,3.61,3.61,https://pay.naver.com/savings/detail/3ceacd6562dc9f731597a16401b50061,"네이버페이 | 예적금 | 내 계좌 | 검색 | 전체메뉴 | 코드K 정기예금 | 케이뱅크 | 방문없이가입누구나가입 | 이율 | 최고 | 연 3.61% | 이율 | 기본 | 연 3.61%(12개월,세전) | 전화 문의 | 공식홈에서 더 알아보기 | 상품 안내 | 기간 | 1개월 ~ 36개월 | 금액 | 100만원 이상 | 가입방법 | 케이뱅크 앱 | 대상 | 만 17세 이상 실명의 개인 및 개인사업자 | 더보기 | 금리 안내 | 12개월 만기시 세후수령액 (단리) | 예치금액 | 입력삭제 | 1,000만원 | 최고금리 | 3.61% | 기본금리 | 3.61% | 원금합계 | 10,000,000원 | 세전이자 | +361,000원 | 이자과세(15.4%) | -55,594원 | 세후수령액 | 10,305,406원 | 기간별 금리 | 기본 금리 | 기간 금리 | 1개월(30일) 이상 | 2.900% | 3개월(90일) 이상 | 3.300% | 6개월(180일) 이상 | 3.400% | 12개월(365일) 이상 | 3.610% | 24개월(730일) 이상 | 3.100% | 36개월(1,095일) 이상 | 3.150% | 조건별 | 1 | 이벤트 등을 통해 금리쿠폰을 사용한 경우 만기해지 계좌에 한하여 우대금리를 적용합니다. 금리쿠폰의 금리 및 가입금액 등 자세한 내용은 금리쿠폰 상세정보에서 확인 가능합니다. | 유형 고정금리 | 금리 높은 예금 | 유니온정기예탁금 | 충절로신용협동조합 | 최고 4.21% | 유니온정기예탁금 | 대구대서신용협동조합 | 최고 4.20% | 유니온정기예탁금 | 부산원광신용협동조합 | 최고 4.20% | 더 많은 상품보기 | 편리한 내 금융자산 관리 | 내 신용점수 알아보기 | 잊고 있던 내 보험 찾기 | 계좌 속 숨은 돈 찾기 | 신용 대출 비교하기 | 로그인전체서비스유의사항 | 툴팁 보기 | 예적금 금리정보 | 금융정보는 금융회사 홈페이지 등에 게시된 정보를 기초로 한 참고사항이며, 이는 수시로 변경될 수 있으므로 거래 전 해당 금융회사에 확인 바랍니다. | 최종 업데이트 2026.10.01 | 네이버파이낸셜㈜ 사업자 정보 | 펼치기"
4,NH농협은행,큰만족실세예금,2.65,2.65,1개월 이상 36개월 이내,1백만원 이상,"영업점, 비대면 채널","개인, 법인(단, 국가, 지방자치단체 제외)",,,2.65,2.65,https://pay.naver.com/savings/detail/3da168c55b58df8f82a36e21b6738f29,"네이버페이 | 예적금 | 내 계좌 | 검색 | 전체메뉴 | 큰만족실세예금 | NH농협은행 | 방문없이가입누구나가입 | 이율 | 최고 | 연 2.65% | 이율 | 기본 | 연 2.65%(12개월,세전) | 전화 문의 | 공식홈에서 더 알아보기 | 상품 안내 | 기간 | 1개월 이상 36개월 이내 | ※ 가입기간 변경 불가 | 금액 | 1백만원 이상 | 가입방법 | 영업점, 비대면 채널 | 대상 | 개인, 법인(단, 국가, 지방자치단체 제외) | 더보기 | 금리 안내 | 12개월 만기시 세후수령액 (단리) | 예치금액 | 입력삭제 | 1,000만원 | 최고금리 | 2.65% | 기본금리 | 2.65% | 원금합계 | 10,000,000원 | 세전이자 | +265,000원 | 이자과세(15.4%) | -40,810원 | 세후수령액 | 10,224,190원 | 기간별 금리 | 기본 금리 | 기간 만기일시지급식 인터넷가입시기본금리 이자지급식 인터넷가입시기본금리 | 1개월이상 ~ 3개월미만 | 2.250% | - | 2개월이상 ~ 3개월미만 | - | 2.150% | 3개월이상 ~ 6개월미만 | 2.350% 2.250% | 6개월이상 ~ 12개월미만 | 2.500% 2.400% | 12개월이상 ~ 24개월미만 | 2.650% 2.550% | 24개월이상 ~ 36개월미만 | 2.600% 2.500% | 36개월 | 2.550% 2.450% | 유형 고정금리 | 금리 높은 예금 | 유니온정기예탁금 | 충절로신용협동조합 | 최고 4.21% | 유니온정기예탁금 | 대구대서신용협동조합 | 최고 4.20% | 유니온정기예탁금 | 부산원광신용협동조합 | 최고 4.20% | 더 많은 상품보기 | 편리한 내 금융자산 관리 | 내 신용점수 알아보기 | 잊고 있던 내 보험 찾기 | 계좌 속 숨은 돈 찾기 | 신용 대출 비교하기 | 로그인전체서비스유의사항 | 툴팁 보기 | 예적금 금리정보 | 금융정보는 금융회사 홈페이지 등에 게시된 정보를 기초로 한 참고사항이며, 이는 수시로 변경될 수 있으므로 거래 전 해당 금융회사에 확인 바랍니다. | 최종 업데이트 2026.09.30 | 네이버파이낸셜㈜ 사업자 정보 | 펼치기"
1,전북은행,JB 1·2·3 정기예금 네이버 페이,3.93,3.33,1년,계좌별 1백만원 이상,"인터넷뱅킹, 모바일뱅킹, 모바일Web",실명의 개인 및 개인사업자(임의단체 제외)/(1인 다계좌),,,3.93,3.33,https://pay.naver.com/savings/detail/3e59ddcbf1aa941dbc0a504e61dbd517,"네이버페이 | 예적금 | 내 계좌 | 검색 | 전체메뉴 | JB 1·2·3 정기예금 | 네이버 페이 | 전북은행 | 특판방문없이가입누구나가입 | 이율 | 최고 | 연 3.93% | 이율 | 기본 | 연 3.33%(12개월,세전) | 특판 | (금리) 12개월 기본금리 연 3.33%에 이벤트 우대금리 최고 연 0.60% 적용 시 최대 연 3.93% 금리 제공 | (조건) 이벤트 신규 시 우대조건 충족하면 우대금리 제공하며, 가입 후 최초 1년 동안에 한하여 제공 (만기 해지 시 제공) | 이벤트 우대금리 시행(2026.5.28.~12.31) | 전화 문의 | 네이버 페이 | 간편가입 | 상품 안내 | 기간 | 1년 | 금액 | 계좌별 1백만원 이상 | 가입방법 | 인터넷뱅킹, 모바일뱅킹, 모바일Web | 대상 | 실명의 개인 및 개인사업자(임의단체 제외)/(1인 다계좌) | 더보기 | 금리 안내 | 12개월 만기시 세후수령액 (단리) | 예치금액 | 입력삭제 | 1,000만원 | 최고금리 | 3.93% | 기본금리 | 3.33% | 원금합계 | 10,000,000원 | 세전이자 | +393,000원 | 이자과세(15.4%) | -60,522원 | 세후수령액 | 10,332,478원 | 기간별 금리 | 기본 금리 | 기간 금리 | 12개월 | 3.330% | 조건별 | 자동재예치 우대이율: 재예치일 당시 영업점 및 홈페이지에 고시한 우대이율 적용(만기 해지 시 제공) | - 이 예금 가입 시 만기처리방법으로 자동재예치 설정이 필수이며, 가입 후 변경이 불가합니다. | 1 | 자동재예치시 | ① 해당 계좌가 자동재예치 1회째인 경우: 연 0.10% | ② 해당 계좌가 자동재예치 2회째인 경우: 연 0.20% | ③ 해당 계좌가 자동재예치 3회째인 경우: 연 0.30% | 이벤트 우대이율 | 우대조건 충족시 최대 연 0.60% 제공 단, 가입 후 최초 1년 동안에 한하여 제공 (만기 해지 시 제공) | 2 | 가입일 직전 6개월 동안 당행 원화정기예금 보유이력이 없는 경우 : 0.5% | 3 | 개인(신용)정보 수집·이용 동의서(상품서비스안내 등)에 동의한 경우 | (단, 상품서비스 안내수단 전체 동의한 경우에 한함) : 0.1% | 유형 고정금리 | 금리 높은 예금 | 유니온정기예탁금 | 충절로신용협동조합 | 최고 4.21% | 유니온정기예탁금 | 대구대서신용협동조합 | 최고 4.20% | 유니온정기예탁금 | 부산원광신용협동조합 | 최고 4.20% | 더 많은 상품보기 | 편리한 내 금융자산 관리 | 내 신용점수 알아보기 | 잊고 있던 내 보험 찾기 | 계좌 속 숨은 돈 찾기 | 신용 대출 비교하기 | 로그인전체서비스유의사항 | 툴팁 보기 | 예적금 금리정보 | 금융정보는 금융회사 홈페이지 등에 게시된 정보를 기초로 한 참고사항이며, 이는 수시로 변경될 수 있으므로 거래 전 해당 금융회사에 확인 바랍니다. | 최종 업데이트 2026.10.01 | 네이버파이낸셜㈜ 사업자 정보 | 펼치기"
1,전북은행,JB다이렉트예금 네이버 페이,3.92,3.92,"3개월, 6개월, 9개월, 12개월",계좌당 1백만원 이상,"인터넷뱅킹, 모바일뱅킹, 모바일web",실명의 개인 및 개인사업자(임의단체 제외),,,3.92,3.92,https://pay.naver.com/savings/detail/449f290b22ec00bd90307980cc164dde,"네이버페이 | 예적금 | 내 계좌 | 검색 | 전체메뉴 | JB다이렉트예금 | 네이버 페이 | 전북은행 | 방문없이가입누구나가입 | 이율 | 최고 | 연 3.92% | 이율 | 기본 | 연 3.92%(12개월,세전) | 전화 문의 | 네이버 페이 | 간편가입 | 상품 안내 | 기간 | 3개월, 6개월, 9개월, 12개월 | 금액 | 계좌당 1백만원 이상 | 가입방법 | 인터넷뱅킹, 모바일뱅킹, 모바일web | 대상 | 실명의 개인 및 개인사업자(임의단체 제외) | 더보기 | 금리 안내 | 12개월 만기시 세후수령액 (단리) | 예치금액 | 입력삭제 | 1,000만원 | 최고금리 | 3.92% | 기본금리 | 3.92% | 원금합계 | 10,000,000원 | 세전이자 | +392,000원 | 이자과세(15.4%) | -60,368원 | 세후수령액 | 10,331,632원 | 기간별 금리 | 기본 금리 | 기간 금리 | 3개월 | 2.500% | 6개월 | 3.450% | 9개월 | 3.500% | 12개월 | 3.920% | 유형 고정금리 | 금리 높은 예금 | 유니온정기예탁금 | 충절로신용협동조합 | 최고 4.21% | 유니온정기예탁금 | 대구대서신용협동조합 | 최고 4.20% | 유니온정기예탁금 | 부산원광신용협동조합 | 최고 4.20% | 더 많은 상품보기 | 편리한 내 금융자산 관리 | 내 신용점수 알아보기 | 잊고 있던 내 보험 찾기 | 계좌 속 숨은 돈 찾기 | 신용 대출 비교하기 | 로그인전체서비스유의사항 | 툴팁 보기 | 예적금 금리정보 | 금융정보는 금융회사 홈페이지 등에 게시된 정보를 기초로 한 참고사항이며, 이는 수시로 변경될 수 있으므로 거래 전 해당 금융회사에 확인 바랍니다. | 최종 업데이트 2026.10.01 | 네이버파이낸셜㈜ 사업자 정보 | 펼치기"
1,SC제일은행,e-그린세이브예금,4.05,3.85,1개월 이상 12개월 까지 월단위,1백만원 이상 - 10억원 이하,모바일뱅킹,개인(개인사업자포함),,,4.05,3.85,https://pay.naver.com/savings/detail/44a7c108de634d7bc99b331a1ba6cd2c,"네이버페이 | 예적금 | 내 계좌 | 검색 | 전체메뉴 | e-그린세이브예금 | SC제일은행 | 방문없이가입누구나가입 | 이율 | 최고 | 연 4.05% | 이율 | 기본 | 연 3.85%(12개월,세전) | 전화 문의 | 공식홈에서 더 알아보기 | 상품 안내 | 기간 | 1개월 이상 12개월 까지 월단위 | 금액 | 1백만원 이상 - 10억원 이하 | 가입방법 | 모바일뱅킹 | 대상 | 개인(개인사업자포함) | 더보기 | 금리 안내 | 12개월 만기시 세후수령액 (단리) | 예치금액 | 입력삭제 | 1,000만원 | 최고금리 | 4.05% | 기본금리 | 3.85% | 원금합계 | 10,000,000원 | 세전이자 | +405,000원 | 이자과세(15.4%) | -62,370원 | 세후수령액 | 10,342,630원 | 기간별 금리 | 기본 금리 | 기간 만기일시지급식(약정 이율) 월이자지급식(약정 이율) | 1개월 이상 / 10억원 이하 | 2.200% | - | 3개월 이상 / 10억원 이하 | 3.100% 3.000% | 6개월 이상 / 10억원 이하 | 3.400% 3.300% | 9개월 이상 / 10억원 이하 | 3.600% 3.500% | 12개월 / 10억원 이하 | 3.850% 3.750% | 조건별 | 1 | 공동구매의 형식으로 일정 기간 내 모집 금액에 따라 추가 이율을 적용할 수 있음 | • 모집 금액에 따른 추가 이율은 공동구매 실시 시작일 현재 은행 인터넷 홈페이지에 게시된 조건에 따름 | 2 | 은행거래실적 우대이율 : 0.1% (연, 세전) | → 우대이율 제공은 아래의 조건을 모두 충족하여야 함 | ① 가입기간 6개월제 이상 ~ 12개월제(만기이자지급식) 5천만원 이상 신규 가입 시 | ② 만기일 기준 전전월 마지막 영업일에 수익증권(펀드)을 3천만원 이상 보유 시 | - MMF 및 해약계좌는 제외 | - 역외펀드 포함(마지막 영업일자 외화 잔액을 마지막 영업일자의 매매기준율로 환산한 원화 금액) | ③ 중도해지(만기앞당김 해지 포함), 상속, 상계 등으로 해지하는 경우 적용 제외 | ④ 가입 계좌 수 제한 없음 | 3 | 순신규 고객 우대이율 : 0.1%(연, 세전) | ① 순신규 고객 : 은행 고객번호 최초 채번일로부터 31일 이내에 이 예금을 신규한 고객 | ② 만기 해약하는 경우에 한해 적용함 | ③ 가입기간, 신규금액, 가입 계좌수 : 제한 없음 | ④ 상기 은행거래실적 우대이율과 중복하여 적용됨 | 4 | 현대카드 M포인트 전환 서비스 | ① 아래의 조건을 모두 충족하는 경우, 만기해지 ‘세후이자’를 현대카드㈜ M포인트로 수령할 수 있음 | 가. 가입기간 : 1년제만 가능 | 나. 가입금액 : 2천만원 이하만 가능 | 다. 이자지급방식 : 만기일시지급식만 가능 | 라. M포인트 적립 및 사용이 가능한 SC제일은행-현대카드(신용, 체크) 보유 | ② M포인트 전환은 고객명의 현대카드㈜ M포인트로 만기일로부터 5영업일 이내에 적립 | ③ 현대카드㈜ M포인트 전환비율은 1원 당 1.5 M포인트 | ④ 기타 자세한 내용은 상품설명서 참조 | 유형 고정금리 | 금리 높은 예금 | 유니온정기예탁금 | 충절로신용협동조합 | 최고 4.21% | 유니온정기예탁금 | 대구대서신용협동조합 | 최고 4.20% | 유니온정기예탁금 | 부산원광신용협동조합 | 최고 4.20% | 더 많은 상품보기 | 편리한 내 금융자산 관리 | 내 신용점수 알아보기 | 잊고 있던 내 보험 찾기 | 계좌 속 숨은 돈 찾기 | 신용 대출 비교하기 | 로그인전체서비스유의사항 | 툴팁 보기 | 예적금 금리정보 | 금융정보는 금융회사 홈페이지 등에 게시된 정보를 기초로 한 참고사항이며, 이는 수시로 변경될 수 있으므로 거래 전 해당 금융회사에 확인 바랍니다. | 최종 업데이트 2026.10.01 | 네이버파이낸셜㈜ 사업자 정보 | 펼치기"
4,iM뱅크,자유적립식예금,2.51,2.46,3개월 이상 3년 이내(월 또는 일단위),10만원 이상,"영업점, 인터넷뱅킹","제한 없음(단, 국가 및 지방자치단체는 제외)",,,2.51,2.46,https://pay.naver.com/savings/detail/4866228bc443cb243f5826b6c8af19aa,"네이버페이 | 예적금 | 내 계좌 | 검색 | 전체메뉴 | 자유적립식예금 | iM뱅크 | 방문없이가입누구나가입 | 이율 | 최고 | 연 2.51% | 이율 | 기본 | 연 2.46%(12개월,세전) | 전화 문의 | 공식홈에서 더 알아보기 | 상품 안내 | 기간 | 3개월 이상 3년 이내(월 또는 일단위) | 금액 | 10만원 이상 | • 추가 입금횟수 및 입금가능금액(원단위) : 제한 없음 | • 추가입금 제한 | - 만기 잔존기간이 1개월 이내인 경우 | - 비과세종합저축의 한도 범위를 초과한 경우 | • 추가입금 시 적용이자율 | - 입금건별 추가입금일에 고시한 예치기간별 이자율 + 신규시 적용된 우대이자율 | 가입방법 | 영업점, 인터넷뱅킹 | (단, 단체 및 법인은 영업점에서만 신규 가능합니다.) | 대상 | 제한 없음(단, 국가 및 지방자치단체는 제외) | 더보기 | 금리 안내 | 12개월 만기시 세후수령액 (단리) | 예치금액 | 입력삭제 | 1,000만원 | 최고금리 | 2.51% | 기본금리 | 2.46% | 원금합계 | 10,000,000원 | 세전이자 | +251,000원 | 이자과세(15.4%) | -38,654원 | 세후수령액 | 10,212,346원 | 기간별 금리 | 기본 금리 | 기간 기본 이자율 기본 연수익율 최고 ㈜영업점 최고 ㈜인터넷 | 1개월이상 ~ 3개월미만 | 1.350% | - | 1.350% 1.400% | 3개월이상 ~ 6개월미만 | 1.470% | - | 1.470% 1.520% | 6개월이상 ~ 9개월미만 | 1.870% | - | 1.870% 1.920% | 9개월이상 ~ 12개월미만 | 1.870% | - | 1.870% 1.920% | 12개월이상 ~ 24개월미만 | 2.460% 2.460% 2.460% 2.510% | 24개월이상 ~ 36개월미만 | 2.330% 2.300% 2.330% 2.380% | 36개월 | 2.350% 2.300% 2.350% 2.400% | 조건별 | 1 | 인터넷뱅킹에서 가입시 비대면 우대이자율 추가 적용 | 단, 중도에 통장 발행 등 일반예금으로 전환하는 경우 전체 예금기간에 대해 비대면우대이자율이 적용되지 않습니다. : 0.05% | 유형 고정금리 | 금리 높은 예금 | 유니온정기예탁금 | 충절로신용협동조합 | 최고 4.21% | 유니온정기예탁금 | 대구대서신용협동조합 | 최고 4.20% | 유니온정기예탁금 | 부산원광신용협동조합 | 최고 4.20% | 더 많은 상품보기 | 편리한 내 금융자산 관리 | 내 신용점수 알아보기 | 잊고 있던 내 보험 찾기 | 계좌 속 숨은 돈 찾기 | 신용 대출 비교하기 | 로그인전체서비스유의사항 | 툴팁 보기 | 예적금 금리정보 | 금융정보는 금융회사 홈페이지 등에 게시된 정보를 기초로 한 참고사항이며, 이는 수시로 변경될 수 있으므로 거래 전 해당 금융회사에 확인 바랍니다. | 최종 업데이트 2026.09.29 | 네이버파이낸셜㈜ 사업자 정보 | 펼치기"
2,iM뱅크,iM스마트예금,3.55,3.30,1개월 이상 3년 이내(월단위),100만원 이상,"인터넷뱅킹, iM뱅크 앱, 모바일웹",개인,,,3.55,3.3,https://pay.naver.com/savings/detail/48d59221f06b06af97cbf72d617bd818,"네이버페이 | 예적금 | 내 계좌 | 검색 | 전체메뉴 | iM스마트예금 | iM뱅크 | 방문없이가입누구나가입 | 이율 | 최고 | 연 3.55% | 이율 | 기본 | 연 3.30%(12개월,세전) | 전화 문의 | 공식홈에서 더 알아보기 | 상품 안내 | 기간 | 1개월 이상 3년 이내(월단위) | 금액 | 100만원 이상 | 가입방법 | 인터넷뱅킹, iM뱅크 앱, 모바일웹 | 대상 | 개인 | 더보기 | 금리 안내 | 12개월 만기시 세후수령액 (단리) | 예치금액 | 입력삭제 | 1,000만원 | 최고금리 | 3.55% | 기본금리 | 3.30% | 원금합계 | 10,000,000원 | 세전이자 | +355,000원 | 이자과세(15.4%) | -54,670원 | 세후수령액 | 10,300,330원 | 기간별 금리 | 기본 금리 | 기간 기본 이자율 기본 연수익율 최고 ㈜영업점 최고 ㈜인터넷 | 1개월이상 ~ 3개월미만 | 2.400% | - | - | 2.450% | 3개월이상 ~ 6개월미만 | 2.950% | - | - | 3.000% | 6개월이상 ~ 12개월미만 | 2.950% | - | - | 3.200% | 12개월이상 ~ 24개월미만 | 3.300% 3.300% | - | 3.550% | 24개월이상 ~ 36개월미만 | 2.900% 2.860% | - | 3.150% | 36개월 | 2.900% 2.820% | - | 3.150% | 조건별 | 1 | 인터넷뱅킹,모바일뱅킹에서 가입 시 기본이자율에 비대면우대이자율이 추가 적용됩니다. | 단, 중도에 통장 발행 등 일반예금으로 전환하는 경우 전체 예금기간에 대해 비대면우대이자율은 적용되지 않습니다. : 0.05% | 우대이자율 : 최고 연 0.20%p | 2 | 계약기간 6개월 이상 계좌로 아래 1가지 이상의 요건을 충족하는 경우 | ① 주택청약종합저축을 보유한 경우 | ② 지난 3개월 이내 당행 계좌를 통한 당행 신용(체크)카드 결제실적이 있는 경우 | * 결제금액 출금 기준, 승인 취소 건은 결제실적에서 제외 | * 실적계산 기준일 : 신규가입일(재예치일) 또는 신규가입일(재예치일)로부터 3개월째 되는 날이 속한 달의 말일 : 0.2% | 유형 고정금리 | 금리 높은 예금 | 유니온정기예탁금 | 충절로신용협동조합 | 최고 4.21% | 유니온정기예탁금 | 대구대서신용협동조합 | 최고 4.20% | 유니온정기예탁금 | 부산원광신용협동조합 | 최고 4.20% | 더 많은 상품보기 | 편리한 내 금융자산 관리 | 내 신용점수 알아보기 | 잊고 있던 내 보험 찾기 | 계좌 속 숨은 돈 찾기 | 신용 대출 비교하기 | 로그인전체서비스유의사항 | 툴팁 보기 | 예적금 금리정보 | 금융정보는 금융회사 홈페이지 등에 게시된 정보를 기초로 한 참고사항이며, 이는 수시로 변경될 수 있으므로 거래 전 해당 금융회사에 확인 바랍니다. | 최종 업데이트 2026.09.29 | 네이버파이낸셜㈜ 사업자 정보 | 펼치기"
2,IBK기업은행,IBK더굴리기통장(정기예금),3.60,3.60,6개월 이상 3년 이하(월단위),최소 100만원 이상,"인터넷뱅킹, 텔레뱅킹(IBK고객센터), i-ONE뱅크, IBK 모바일브랜치","실명의 개인(개인사업자 제외, 외국인비거주자 제외)",,,3.6,3.6,https://pay.naver.com/savings/detail/49470caccff9f7af37bba1c57d560558,"네이버페이 | 예적금 | 내 계좌 | 검색 | 전체메뉴 | IBK더굴리기통장(정기예금) | IBK기업은행 | 방문없이가입누구나가입 | 이율 | 최고 | 연 3.60% | 이율 | 기본 | 연 3.60%(12개월,세전) | 전화 문의 | 공식홈에서 더 알아보기 | 상품 안내 | 기간 | 6개월 이상 3년 이하(월단위) | 금액 | 최소 100만원 이상 | 가입방법 | 인터넷뱅킹, 텔레뱅킹(IBK고객센터), i-ONE뱅크, IBK 모바일브랜치 | 대상 | 실명의 개인(개인사업자 제외, 외국인비거주자 제외) | 더보기 | 금리 안내 | 12개월 만기시 세후수령액 (단리) | 예치금액 | 입력삭제 | 1,000만원 | 최고금리 | 3.60% | 기본금리 | 3.60% | 원금합계 | 10,000,000원 | 세전이자 | +360,000원 | 이자과세(15.4%) | -55,440원 | 세후수령액 | 10,304,560원 | 기간별 금리 | 기본 금리 | 기간 금리 | 6개월 | 3.400% | 12개월 | 3.600% | 24개월 | 3.660% | 36개월 | 3.630% | 유형 고정금리 | 금리 높은 예금 | 유니온정기예탁금 | 충절로신용협동조합 | 최고 4.21% | 유니온정기예탁금 | 대구대서신용협동조합 | 최고 4.20% | 유니온정기예탁금 | 부산원광신용협동조합 | 최고 4.20% | 더 많은 상품보기 | 편리한 내 금융자산 관리 | 내 신용점수 알아보기 | 잊고 있던 내 보험 찾기 | 계좌 속 숨은 돈 찾기 | 신용 대출 비교하기 | 로그인전체서비스유의사항 | 툴팁 보기 | 예적금 금리정보 | 금융정보는 금융회사 홈페이지 등에 게시된 정보를 기초로 한 참고사항이며, 이는 수시로 변경될 수 있으므로 거래 전 해당 금융회사에 확인 바랍니다. | 최종 업데이트 2026.09.29 | 네이버파이낸셜㈜ 사업자 정보 | 펼치기"
1,케이뱅크,내맘대로 이자받는 정기예금,3.71,3.71,1개월 이상 12개월 이하 (일 단위로 가입 가능),1백만원 이상,케이뱅크 앱,만 17세 이상 실명의 개인 및 개인사업자,,,3.71,3.71,https://pay.naver.com/savings/detail/519404d082ab7d31b362cf83abe609ca,"네이버페이 | 예적금 | 내 계좌 | 검색 | 전체메뉴 | 내맘대로 이자받는 정기예금 | 케이뱅크 | 방문없이가입누구나가입 | 이율 | 최고 | 연 3.71% | 이율 | 기본 | 연 3.71%(12개월,세전) | 전화 문의 | 공식홈에서 더 알아보기 | 상품 안내 | 기간 | 1개월 이상 12개월 이하 (일 단위로 가입 가능) | 금액 | 1백만원 이상 | 가입방법 | 케이뱅크 앱 | 대상 | 만 17세 이상 실명의 개인 및 개인사업자 | 더보기 | 금리 안내 | 12개월 만기시 세후수령액 (단리) | 예치금액 | 입력삭제 | 1,000만원 | 최고금리 | 3.71% | 기본금리 | 3.71% | 원금합계 | 10,000,000원 | 세전이자 | +371,000원 | 이자과세(15.4%) | -57,134원 | 세후수령액 | 10,313,866원 | 기간별 금리 | 기본 금리 | 기간 바로 받는 이자 만기에 받는 이자 | 1개월(30일) 이상 | 3.000% 3.000% | 3개월(90일) 이상 | 3.300% 3.300% | 6개월(180일) 이상 | 3.400% 3.400% | 12개월(365일) 이상 | 3.710% 3.710% | 조건별 | 1 | 이벤트 등을 통해 금리쿠폰을 사용한 경우 만기해지 계좌에 한하여 우대금리를 적용합니다. | 금리쿠폰의 우대금리 및 가입조건 등 자세한 내용은 금리쿠폰 상세정보에서 확인 가능합니다. | 유형 고정금리 | 금리 높은 예금 | 유니온정기예탁금 | 충절로신용협동조합 | 최고 4.21% | 유니온정기예탁금 | 대구대서신용협동조합 | 최고 4.20% | 유니온정기예탁금 | 부산원광신용협동조합 | 최고 4.20% | 더 많은 상품보기 | 편리한 내 금융자산 관리 | 내 신용점수 알아보기 | 잊고 있던 내 보험 찾기 | 계좌 속 숨은 돈 찾기 | 신용 대출 비교하기 | 로그인전체서비스유의사항 | 툴팁 보기 | 예적금 금리정보 | 금융정보는 금융회사 홈페이지 등에 게시된 정보를 기초로 한 참고사항이며, 이는 수시로 변경될 수 있으므로 거래 전 해당 금융회사에 확인 바랍니다. | 최종 업데이트 2026.10.01 | 네이버파이낸셜㈜ 사업자 정보 | 펼치기"
1,iM뱅크,더쿠폰예금,3.80,2.80,1년,100만원 이상 5천만원 이하,모바일앱뱅킹,개인 (1인 2좌) 이벤트 기간 내 iM뱅크 앱 첫 로그인 고객,,,3.8,2.8,https://pay.naver.com/savings/detail/52c1817e7e5360e0b252ba38bee68dd5,"네이버페이 | 예적금 | 내 계좌 | 검색 | 전체메뉴 | 더쿠폰예금 | iM뱅크 | 특판방문없이가입누구나가입 | 이율 | 최고 | 연 3.80% | 이율 | 기본 | 연 2.80%(12개월,세전) | 특판 | (금리) 12개월 기본이율 연 2.80%에 우대이율(쿠폰이율) 적용시 최고 연 3.80% 금리 제공 | (조건) 기간 중 금리쿠폰을 다운 받은 후 더쿠폰예금을 가입하고 만기까지 유지한 경우에만 연 3.8% 예금 금리가 자동 적용되며, 쿠폰 미발급자는 본 예금 가입이 불가. | 쿠폰발급기간 : 2026.08.24(월) ~ 2026.10.24(토) | 쿠폰유효기간 : 26.10.31(토) 23:59 까지 | *총 금액 한도 5천억, 1인 2좌 가입 가능 | 전화 문의 | 공식홈에서 더 알아보기 | 상품 안내 | 기간 | 1년 | 금액 | 100만원 이상 5천만원 이하 | 가입방법 | 모바일앱뱅킹 | 대상 | 개인 (1인 2좌) 이벤트 기간 내 iM뱅크 앱 첫 로그인 고객 | 더보기 | 금리 안내 | 12개월 만기시 세후수령액 (단리) | 예치금액 | 입력삭제 | 1,000만원 | 최고금리 | 3.80% | 기본금리 | 2.80% | 원금합계 | 10,000,000원 | 세전이자 | +380,000원 | 이자과세(15.4%) | -58,520원 | 세후수령액 | 10,321,480원 | 기간별 금리 | 기본 금리 | 기간 기본 이자율 기본 연수익율 최고㈜ 영업점 최고㈜ 인터넷 | 12개월 | 2.800% 2.800% | - | 3.800% | 조건별 | 1 | - 기간 중 금리쿠폰을 다운 받은 후 더쿠폰예금을 가입하고 만기까지 유지한 경우에만 연 3.8% 예금 금리가 자동 적용됩니다. | - 쿠폰 미발급자는 본 예금 가입이 불가합니다. | 유형 고정금리 | 금리 높은 예금 | 유니온정기예탁금 | 충절로신용협동조합 | 최고 4.21% | 유니온정기예탁금 | 대구대서신용협동조합 | 최고 4.20% | 유니온정기예탁금 | 부산원광신용협동조합 | 최고 4.20% | 더 많은 상품보기 | 편리한 내 금융자산 관리 | 내 신용점수 알아보기 | 잊고 있던 내 보험 찾기 | 계좌 속 숨은 돈 찾기 | 신용 대출 비교하기 | 로그인전체서비스유의사항 | 툴팁 보기 | 예적금 금리정보 | 금융정보는 금융회사 홈페이지 등에 게시된 정보를 기초로 한 참고사항이며, 이는 수시로 변경될 수 있으므로 거래 전 해당 금융회사에 확인 바랍니다. | 최종 업데이트 2026.09.29 | 네이버파이낸셜㈜ 사업자 정보 | 펼치기"
5,경남은행,장기회전정기예금,2.30,2.30,1년 이상 ~ 15년 이내 (연 단위),일반형 : 최소 1만원 이상 ~ 최고 가입금액 제한없음,"영업점, 모바일뱅킹, 인터넷뱅킹","제한없음 (단, 국가 및 지방자치단체는 실세형 가입 불가)",,,2.3,2.3,https://pay.naver.com/savings/detail/530d2f361dad2129939cb11be1b39369,"네이버페이 | 예적금 | 내 계좌 | 검색 | 전체메뉴 | 장기회전정기예금 | 경남은행 | 방문없이가입누구나가입 | 이율 | 최고 | 연 2.30% | 이율 | 기본 | 연 2.30%(12개월,세전) | 전화 문의 | 공식홈에서 더 알아보기 | 상품 안내 | 기간 | 1년 이상 ~ 15년 이내 (연 단위) | 금액 | 일반형 : 최소 1만원 이상 ~ 최고 가입금액 제한없음 | 실세형 : 최소 5백만원 이상 ~ 최고 가입금액 제한없음 | 가입방법 | 영업점, 모바일뱅킹, 인터넷뱅킹 | 대상 | 제한없음 (단, 국가 및 지방자치단체는 실세형 가입 불가) | 더보기 | 금리 안내 | 기간별 금리 | 기본 금리 | 기간 약정금리[만기] 비고 | 12개월 | 2.300% | 일반형으로 가입한 경우 가입일 및 매 1년 응당일 당시 영업점 및 인터넷 홈페이지에 게시한 “일반정기예금 1년제 금리”를 적용 | 12개월 | 2.700% | 실세형으로 가입한 경우 가입일 및 매 1년 응당일 당시 영업점 및 인터넷 홈페이지에 게시한 “마니마니정기예금 1년제 금리”를 적용 | 유형 변동금리 | 금리 높은 예금 | 유니온정기예탁금 | 충절로신용협동조합 | 최고 4.21% | 유니온정기예탁금 | 대구대서신용협동조합 | 최고 4.20% | 유니온정기예탁금 | 부산원광신용협동조합 | 최고 4.20% | 더 많은 상품보기 | 편리한 내 금융자산 관리 | 내 신용점수 알아보기 | 잊고 있던 내 보험 찾기 | 계좌 속 숨은 돈 찾기 | 신용 대출 비교하기 | 로그인전체서비스유의사항 | 툴팁 보기 | 예적금 금리정보 | 금융정보는 금융회사 홈페이지 등에 게시된 정보를 기초로 한 참고사항이며, 이는 수시로 변경될 수 있으므로 거래 전 해당 금융회사에 확인 바랍니다. | 최종 업데이트 2026.10.01 | 네이버파이낸셜㈜ 사업자 정보 | 펼치기"
4,신한은행,Tops 회전 정기예금,2.50,2.50,12개월이상 60개월이하 12개월 단위,300만원 부터 제한없음,영업점,제한없음,,,2.5,2.5,https://pay.naver.com/savings/detail/5de0503f0464ee7b413c128d5ae6dddd,"네이버페이 | 예적금 | 내 계좌 | 검색 | 전체메뉴 | Tops 회전 정기예금 | 신한은행 | 누구나가입 | 이율 | 최고 | 연 2.50% | 이율 | 기본 | 연 2.50%(12개월,세전) | 전화 문의 | 공식홈에서 더 알아보기 | 상품 안내 | 기간 | 12개월이상 60개월이하 12개월 단위 | 금액 | 300만원 부터 제한없음 | 가입방법 | 영업점 | 대상 | 제한없음 | 더보기 | 금리 안내 | 기간별 금리 | 기본 금리 | 기간 기본이율 온라인가입시 이율 | 1개월 | 2.150% 2.150% | 2개월 | 2.250% 2.250% | 3개월 | 2.400% 2.400% | 4개월 | 2.450% 2.450% | 6개월 | 2.450% 2.450% | 12개월 | 2.500% 2.500% | 유형 변동금리 | 금리 높은 예금 | 유니온정기예탁금 | 충절로신용협동조합 | 최고 4.21% | 유니온정기예탁금 | 대구대서신용협동조합 | 최고 4.20% | 유니온정기예탁금 | 부산원광신용협동조합 | 최고 4.20% | 더 많은 상품보기 | 편리한 내 금융자산 관리 | 내 신용점수 알아보기 | 잊고 있던 내 보험 찾기 | 계좌 속 숨은 돈 찾기 | 신용 대출 비교하기 | 로그인전체서비스유의사항 | 툴팁 보기 | 예적금 금리정보 | 금융정보는 금융회사 홈페이지 등에 게시된 정보를 기초로 한 참고사항이며, 이는 수시로 변경될 수 있으므로 거래 전 해당 금융회사에 확인 바랍니다. | 최종 업데이트 2026.09.29 | 네이버파이낸셜㈜ 사업자 정보 | 펼치기"
4,KB국민은행,일반정기예금,2.50,2.50,1개월 이상 60개월(5년) 이내에서 월 또는 일단위,최저 10만원이상 최고한도 없음(원단위),"영업점, 인터넷뱅킹",제한없음,,,2.5,2.5,https://pay.naver.com/savings/detail/5e733b0bf4daf2ad06adec28627d2e9a,"네이버페이 | 예적금 | 내 계좌 | 검색 | 전체메뉴 | 일반정기예금 | KB국민은행 | 방문없이가입누구나가입 | 이율 | 최고 | 연 2.50% | 이율 | 기본 | 연 2.50%(12개월,세전) | 전화 문의 | 공식홈에서 더 알아보기 | 상품 안내 | 기간 | 1개월 이상 60개월(5년) 이내에서 월 또는 일단위 | 금액 | 최저 10만원이상 최고한도 없음(원단위) | 가입방법 | 영업점, 인터넷뱅킹 | 대상 | 제한없음 | 더보기 | 금리 안내 | 12개월 만기시 세후수령액 (단리) | 예치금액 | 입력삭제 | 1,000만원 | 최고금리 | 2.50% | 기본금리 | 2.50% | 원금합계 | 10,000,000원 | 세전이자 | +250,000원 | 이자과세(15.4%) | -38,500원 | 세후수령액 | 10,211,500원 | 기간별 금리 | 기본 금리 | 기간 금리 | 1개월이상~3개월미만 | 1.650% | 3개월이상~6개월미만 | 2.000% | 6개월이상~1년미만 | 2.250% | 1년이상~2년미만 | 2.500% | 2년이상~3년미만 | 2.350% | 3년이상 | 2.450% | 유형 고정금리 | 금리 높은 예금 | 유니온정기예탁금 | 충절로신용협동조합 | 최고 4.21% | 유니온정기예탁금 | 대구대서신용협동조합 | 최고 4.20% | 유니온정기예탁금 | 부산원광신용협동조합 | 최고 4.20% | 더 많은 상품보기 | 편리한 내 금융자산 관리 | 내 신용점수 알아보기 | 잊고 있던 내 보험 찾기 | 계좌 속 숨은 돈 찾기 | 신용 대출 비교하기 | 로그인전체서비스유의사항 | 툴팁 보기 | 예적금 금리정보 | 금융정보는 금융회사 홈페이지 등에 게시된 정보를 기초로 한 참고사항이며, 이는 수시로 변경될 수 있으므로 거래 전 해당 금융회사에 확인 바랍니다. | 최종 업데이트 2026.09.29 | 네이버파이낸셜㈜ 사업자 정보 | 펼치기"
2,전북은행,JB 달달이 쏙 예금,3.55,3.45,"6개월, 1년",3백만원 이상 10억원 이하,"영업점, 모바일뱅킹, 모바일 Web",실명의 개인 및 개인사업자(1인1계좌),,,3.55,3.45,https://pay.naver.com/savings/detail/60cb32bc5b2098f53c9149673001ed8a,"네이버페이 | 예적금 | 내 계좌 | 검색 | 전체메뉴 | JB 달달이 쏙 예금 | 전북은행 | 방문없이가입누구나가입 | 이율 | 최고 | 연 3.55% | 이율 | 기본 | 연 3.45%(12개월,세전) | 전화 문의 | 공식홈에서 더 알아보기 | 상품 안내 | 기간 | 6개월, 1년 | 금액 | 3백만원 이상 10억원 이하 | 가입방법 | 영업점, 모바일뱅킹, 모바일 Web | 대상 | 실명의 개인 및 개인사업자(1인1계좌) | 더보기 | 금리 안내 | 12개월 만기시 세후수령액 (단리) | 예치금액 | 입력삭제 | 1,000만원 | 최고금리 | 3.55% | 기본금리 | 3.45% | 원금합계 | 10,000,000원 | 세전이자 | +355,000원 | 이자과세(15.4%) | -54,670원 | 세후수령액 | 10,300,330원 | 기간별 금리 | 기본 금리 | 기간 금리 | 6개월 | 3.150% | 1년만기 | 3.450% | 조건별 | 아래 우대조건 충족 시 우대금리 제공 | 1 | 예금 신규시 다음 두가지 마케팅 동의한 경우 | (단, 상품서비스 안내수단 전체 동의한 경우에 한함) | - 개인(신용)정보 수집이용동의서(상품서비스안내) | - 개인(신용)정보 수집이용제공동의서(상품서비스 안내)[계열사] : 0.1% | 유형 고정금리 | 금리 높은 예금 | 유니온정기예탁금 | 충절로신용협동조합 | 최고 4.21% | 유니온정기예탁금 | 대구대서신용협동조합 | 최고 4.20% | 유니온정기예탁금 | 부산원광신용협동조합 | 최고 4.20% | 더 많은 상품보기 | 편리한 내 금융자산 관리 | 내 신용점수 알아보기 | 잊고 있던 내 보험 찾기 | 계좌 속 숨은 돈 찾기 | 신용 대출 비교하기 | 로그인전체서비스유의사항 | 툴팁 보기 | 예적금 금리정보 | 금융정보는 금융회사 홈페이지 등에 게시된 정보를 기초로 한 참고사항이며, 이는 수시로 변경될 수 있으므로 거래 전 해당 금융회사에 확인 바랍니다. | 최종 업데이트 2026.09.28 | 네이버파이낸셜㈜ 사업자 정보 | 펼치기"
5,경남은행,정기예금,2.30,2.30,1개월 이상 ~ 5년 이내 (월 단위 또는 일단위 가입 가능),최소 100원 이상 ~ 최고 가입금액 제한 없음 (1원 단위 가입 가능),"영업점, 모바일뱅킹, 인터넷뱅킹, 고객센터",제한없음,,,2.3,2.3,https://pay.naver.com/savings/detail/60cf62a8e3b7ceab25d350b8e364004f,"네이버페이 | 예적금 | 내 계좌 | 검색 | 전체메뉴 | 정기예금 | 경남은행 | 방문없이가입누구나가입 | 이율 | 최고 | 연 2.30% | 이율 | 기본 | 연 2.30%(12개월,세전) | 전화 문의 | 공식홈에서 더 알아보기 | 상품 안내 | 기간 | 1개월 이상 ~ 5년 이내 (월 단위 또는 일단위 가입 가능) | 금액 | 최소 100원 이상 ~ 최고 가입금액 제한 없음 (1원 단위 가입 가능) | 가입방법 | 영업점, 모바일뱅킹, 인터넷뱅킹, 고객센터 | 대상 | 제한없음 | 더보기 | 금리 안내 | 12개월 만기시 세후수령액 (단리) | 예치금액 | 입력삭제 | 1,000만원 | 최고금리 | 2.30% | 기본금리 | 2.30% | 원금합계 | 10,000,000원 | 세전이자 | +230,000원 | 이자과세(15.4%) | -35,420원 | 세후수령액 | 10,194,580원 | 기간별 금리 | 기본 금리 | 기간 만기지급식 월이자지급식 | 1개월 이상 ~ 3개월 미만 | 1.900% 1.900% | 3개월 이상 ~ 6개월 미만 | 2.250% 2.150% | 6개월 이상 ~ 12개월 미만 | 2.250% 2.150% | 12개월 이상 ~ 24개월 미만 | 2.300% 2.200% | 24개월 이상 ~ 36개월 미만 | 2.250% 2.150% | 36개월 이상 ~ 48개월 미만 | 2.250% 2.150% | 48개월 이상 ~ 60개월 미만 | 2.250% 2.150% | 60개월 이상 | 2.250% 2.150% | 유형 고정금리 | 금리 높은 예금 | 유니온정기예탁금 | 충절로신용협동조합 | 최고 4.21% | 유니온정기예탁금 | 대구대서신용협동조합 | 최고 4.20% | 유니온정기예탁금 | 부산원광신용협동조합 | 최고 4.20% | 더 많은 상품보기 | 편리한 내 금융자산 관리 | 내 신용점수 알아보기 | 잊고 있던 내 보험 찾기 | 계좌 속 숨은 돈 찾기 | 신용 대출 비교하기 | 로그인전체서비스유의사항 | 툴팁 보기 | 예적금 금리정보 | 금융정보는 금융회사 홈페이지 등에 게시된 정보를 기초로 한 참고사항이며, 이는 수시로 변경될 수 있으므로 거래 전 해당 금융회사에 확인 바랍니다. | 최종 업데이트 2026.10.01 | 네이버파이낸셜㈜ 사업자 정보 | 펼치기"
2,하나은행,하나의 정기예금 네이버 페이,3.60,2.30,1개월 이상 ~ 5년 이내 일단위,1백만원 이상,스마트폰뱅킹(하나원큐),실명의 개인 또는 개인사업자,,,3.6,2.3,https://pay.naver.com/savings/detail/60f10da955704ca1349954338c4860b1,"네이버페이 | 예적금 | 내 계좌 | 검색 | 전체메뉴 | 하나의 정기예금 | 네이버 페이 | 하나은행 | 방문없이가입누구나가입 | 이율 | 최고 | 연 3.60% | 이율 | 기본 | 연 2.30%(12개월,세전) | 전화 문의 | 네이버 페이 | 간편가입 | 상품 안내 | 기간 | 1개월 이상 ~ 5년 이내 일단위 | 금액 | 1백만원 이상 | 가입방법 | 스마트폰뱅킹(하나원큐) | 대상 | 실명의 개인 또는 개인사업자 | 더보기 | 금리 안내 | 12개월 만기시 세후수령액 (단리) | 예치금액 | 입력삭제 | 1,000만원 | 최고금리 | 3.60% | 기본금리 | 2.30% | 원금합계 | 10,000,000원 | 세전이자 | +360,000원 | 이자과세(15.4%) | -55,440원 | 세후수령액 | 10,304,560원 | 기간별 금리 | 기본 금리 | 기간 기본금리 적용금리 | 1개월 이상 | 2.050% 2.500% | 3개월 이상 | 2.150% 3.100% | 6개월 이상 | 2.250% 3.400% | 12개월 이상 | 2.300% 3.600% | 13개월 이상 | 2.300% 3.500% | 18개월 이상 | 2.300% 3.500% | 24개월 이상 | 2.300% 3.000% | 36개월 이상 | 2.300% 2.700% | 48개월 이상 | 2.400% 2.700% | 60개월 | 2.400% 2.700% | 조건별 | 1 | 신규가입시 금리우대쿠폰을 적용한 경우, 쿠폰의 우대금리를 추가 제공함 (단, 재예치 또는 중도해지시 미적용) | 유형 고정금리 | 금리 높은 예금 | 유니온정기예탁금 | 충절로신용협동조합 | 최고 4.21% | 유니온정기예탁금 | 대구대서신용협동조합 | 최고 4.20% | 유니온정기예탁금 | 부산원광신용협동조합 | 최고 4.20% | 더 많은 상품보기 | 편리한 내 금융자산 관리 | 내 신용점수 알아보기 | 잊고 있던 내 보험 찾기 | 계좌 속 숨은 돈 찾기 | 신용 대출 비교하기 | 로그인전체서비스유의사항 | 툴팁 보기 | 예적금 금리정보 | 금융정보는 금융회사 홈페이지 등에 게시된 정보를 기초로 한 참고사항이며, 이는 수시로 변경될 수 있으므로 거래 전 해당 금융회사에 확인 바랍니다. | 최종 업데이트 2026.10.01 | 네이버파이낸셜㈜ 사업자 정보 | 펼치기"
4,iM뱅크,iM행복파트너예금(연금형),2.69,2.64,1년 이상 10년 이내(연단위),3백만원 이상,"영업점, 인터넷뱅킹",개인,,,2.69,2.64,https://pay.naver.com/savings/detail/62f11737937c9b4ce546fe335abd0715,"네이버페이 | 예적금 | 내 계좌 | 검색 | 전체메뉴 | iM행복파트너예금(연금형) | iM뱅크 | 방문없이가입누구나가입 | 이율 | 최고 | 연 2.69% | 이율 | 기본 | 연 2.64%(12개월,세전) | 전화 문의 | 공식홈에서 더 알아보기 | 상품 안내 | 기간 | 1년 이상 10년 이내(연단위) | 금액 | 3백만원 이상 | 가입방법 | 영업점, 인터넷뱅킹 | 대상 | 개인 | 더보기 | 금리 안내 | 기간별 금리 | 기본 금리 | 기간 기본 이자율 기본 연수익율 최고 ㈜영업점 최고 ㈜인터넷 비고 | 12개월이상 ~ 24개월미만 | 2.640% 2.640% 2.640% 2.690% | 원리금균등지급형,원금균등지급형,이자지급형 | 24개월이상 ~ 121개월미만 | 2.640% 2.610% 2.640% 2.690% | 원리금균등지급형,원금균등지급형,이자지급형 | 조건별 | 1 | 인터넷뱅킹에서 가입 시 비대면우대이자율 추가 적용 | 단, 중도에 통장 발행 등 일반예금으로 전환하는 경우 전체 예금기간에 대해 비대면우대이자율은 적용되지 않습니다. : 0.05% | 유형 변동금리 | 금리 높은 예금 | 유니온정기예탁금 | 충절로신용협동조합 | 최고 4.21% | 유니온정기예탁금 | 대구대서신용협동조합 | 최고 4.20% | 유니온정기예탁금 | 부산원광신용협동조합 | 최고 4.20% | 더 많은 상품보기 | 편리한 내 금융자산 관리 | 내 신용점수 알아보기 | 잊고 있던 내 보험 찾기 | 계좌 속 숨은 돈 찾기 | 신용 대출 비교하기 | 로그인전체서비스유의사항 | 툴팁 보기 | 예적금 금리정보 | 금융정보는 금융회사 홈페이지 등에 게시된 정보를 기초로 한 참고사항이며, 이는 수시로 변경될 수 있으므로 거래 전 해당 금융회사에 확인 바랍니다. | 최종 업데이트 2026.09.29 | 네이버파이낸셜㈜ 사업자 정보 | 펼치기"
1,제주은행,J 정기예금,3.99,2.00,1개월 이상 3년 이하 범위내에서 월단위로 정함,"최소 30만원이상, 최대금액 제한없음","JBANK, 인터넷뱅킹",실명의 개인,,,3.99,2.0,https://pay.naver.com/savings/detail/66a83dae2c1953b5903ea095ea972717,"네이버페이 | 예적금 | 내 계좌 | 검색 | 전체메뉴 | J 정기예금 | 제주은행 | 특판방문없이가입누구나가입 | 이율 | 최고 | 연 3.99% | 이율 | 기본 | 연 2.00%(12개월,세전) | 특판 | (금리) 12개월 기본금리 연 2.00%에 우대금리 최고 연 0.50%와 이벤트 우대금리 연 1.49% 적용시 최고 연 3.99% 금리 제공 | (조건) 우대조건 충족 시 우대금리와 이벤트 우대금리 제공 | 이벤트기간 : 2026-08-14 ~ 별도 종료시까지 | 전화 문의 | 공식홈에서 더 알아보기 | 상품 안내 | 기간 | 1개월 이상 3년 이하 범위내에서 월단위로 정함 | 금액 | 최소 30만원이상, 최대금액 제한없음 | 가입방법 | JBANK, 인터넷뱅킹 | 대상 | 실명의 개인 | 더보기 | 금리 안내 | 12개월 만기시 세후수령액 (단리) | 예치금액 | 입력삭제 | 1,000만원 | 최고금리 | 3.99% | 기본금리 | 2.00% | 원금합계 | 10,000,000원 | 세전이자 | +399,000원 | 이자과세(15.4%) | -61,446원 | 세후수령액 | 10,337,554원 | 기간별 금리 | 기본 금리 | 기간 금리 | 1개월이상 3개월미만 | 1.400% | 3개월이상 6개월미만 | 1.700% | 6개월이상 1년미만 | 1.900% | 1년이상 2년미만 | 2.000% | 2년이상 3년미만 | 1.850% | 3년만기 | 1.850% | 조건별 | 아래의 요건 충족여부에 따라 우대 금리를 제공합니다. | 이벤트 시 영업점, 비대면채널에 고시한 우대금리를 추가적용 할 수 있습니다. | 1 | 비대면채널(JBANK, 인터넷뱅킹)로 가입 시(가입시 제공) : 0.3% | 2 | 매월 JBANK 로그인 시(신규일로부터 만기하는 달 제외한 계약기간의 1/2이상) 단, 6개월 이상의 계약 기간에만 적용가능(6개월 미만은 적용되지 않음)(만기시 제공) : 0.2% | 이벤트 우대금리 | * 단, 자동재예치 대상 계좌는 이벤트 우대 이자율 적용 대상에서 제외됨. | 3 | 이벤트기간 : 2026-10-01 ~ 별도 종료시까지 | 1개월 이상 ~ 3개월 미만 : 0.70% | 3개월 이상 ~ 6개월 미만 : 1.00% | 6개월 이상 ~12개월 미만 : 1.20% | 12개월 이상 ~ 24개월 미만 : 1.49% | 24개월 이상 ~ 36개월 미만 : 1.62% | 36개월 만기 : 1.62% | 유형 고정금리 | 금리 높은 예금 | 유니온정기예탁금 | 충절로신용협동조합 | 최고 4.21% | 유니온정기예탁금 | 대구대서신용협동조합 | 최고 4.20% | 유니온정기예탁금 | 부산원광신용협동조합 | 최고 4.20% | 더 많은 상품보기 | 편리한 내 금융자산 관리 | 내 신용점수 알아보기 | 잊고 있던 내 보험 찾기 | 계좌 속 숨은 돈 찾기 | 신용 대출 비교하기 | 로그인전체서비스유의사항 | 툴팁 보기 | 예적금 금리정보 | 금융정보는 금융회사 홈페이지 등에 게시된 정보를 기초로 한 참고사항이며, 이는 수시로 변경될 수 있으므로 거래 전 해당 금융회사에 확인 바랍니다. | 최종 업데이트 2026.09.29 | 네이버파이낸셜㈜ 사업자 정보 | 펼치기"
5,하나은행,고단위 플러스(금리확정형),2.30,2.30,1개월~5년(일 단위 만기 지정 가능),"인터넷뱅킹, 스마트폰 뱅킹 : 1만원 이상(원단위)","영업점, 인터넷뱅킹, 스마트폰뱅킹",제한없음,,,2.3,2.3,https://pay.naver.com/savings/detail/6c66d3c64e0d61086a694904545dde45,"네이버페이 | 예적금 | 내 계좌 | 검색 | 전체메뉴 | 고단위 플러스(금리확정형) | 하나은행 | 방문없이가입누구나가입 | 이율 | 최고 | 연 2.30% | 이율 | 기본 | 연 2.30%(12개월,세전) | 전화 문의 | 공식홈에서 더 알아보기 | 상품 안내 | 기간 | 1개월~5년(일 단위 만기 지정 가능) | 금액 | 인터넷뱅킹, 스마트폰 뱅킹 : 1만원 이상(원단위) | 영업점 : 1백만원 이상(원단위) | 가입방법 | 영업점, 인터넷뱅킹, 스마트폰뱅킹 | 대상 | 제한없음 | 더보기 | 금리 안내 | 12개월 만기시 세후수령액 (단리) | 예치금액 | 입력삭제 | 1,000만원 | 최고금리 | 2.30% | 기본금리 | 2.30% | 원금합계 | 10,000,000원 | 세전이자 | +230,000원 | 이자과세(15.4%) | -35,420원 | 세후수령액 | 10,194,580원 | 기간별 금리 | 기본 금리 | 기간 월이자지급식(개인) 만기일시지급식(개인) | 1개월 이상~3개월 미만 | 1.950% 2.050% | 3개월 이상~6개월 미만 | 2.050% 2.150% | 6개월 이상~1년 미만 | 2.150% 2.250% | 1년 이상~2년 미만 | 2.200% 2.300% | 2년 이상~3년 미만 | 2.200% 2.300% | 3년 이상~4년 미만 | 2.200% 2.300% | 4년 이상~5년 미만 | 2.300% 2.400% | 5년 이상 | 2.300% 2.400% | 조건별 | 1 | 금리우대 쿠폰의 우대금리는 하나원큐 내 쿠폰함 또는 상품 가입시 제공되는 쿠폰의 우대금리를 따르며, 만기해지시에 기본금리에 가산하여 지급합니다. 단, 신규 가입시에만 쿠폰 사용이 가능하며, 재예치 또는 중도해지시에는 적용되지 않습니다. | 유형 고정금리 | 금리 높은 예금 | 유니온정기예탁금 | 충절로신용협동조합 | 최고 4.21% | 유니온정기예탁금 | 대구대서신용협동조합 | 최고 4.20% | 유니온정기예탁금 | 부산원광신용협동조합 | 최고 4.20% | 더 많은 상품보기 | 편리한 내 금융자산 관리 | 내 신용점수 알아보기 | 잊고 있던 내 보험 찾기 | 계좌 속 숨은 돈 찾기 | 신용 대출 비교하기 | 로그인전체서비스유의사항 | 툴팁 보기 | 예적금 금리정보 | 금융정보는 금융회사 홈페이지 등에 게시된 정보를 기초로 한 참고사항이며, 이는 수시로 변경될 수 있으므로 거래 전 해당 금융회사에 확인 바랍니다. | 최종 업데이트 2026.09.30 | 네이버파이낸셜㈜ 사업자 정보 | 펼치기"
3,광주은행,매월이자Wa예금,2.85,2.55,"3개월, 6개월, 12개월",최소가입금액 500만원 이상 10억원 이하,"모바일뱅킹, 스마트뱅킹",실명의 개인,,,2.85,2.55,https://pay.naver.com/savings/detail/6df358f8e07266bcf09ea4f989f853ad,"네이버페이 | 예적금 | 내 계좌 | 검색 | 전체메뉴 | 매월이자Wa예금 | 광주은행 | 방문없이가입누구나가입 | 이율 | 최고 | 연 2.85% | 이율 | 기본 | 연 2.55%(12개월,세전) | 전화 문의 | 공식홈에서 더 알아보기 | 상품 안내 | 기간 | 3개월, 6개월, 12개월 | 금액 | 최소가입금액 500만원 이상 10억원 이하 | 가입방법 | 모바일뱅킹, 스마트뱅킹 | 대상 | 실명의 개인 | 더보기 | 금리 안내 | 12개월 만기시 세후수령액 (단리) | 예치금액 | 입력삭제 | 1,000만원 | 최고금리 | 2.85% | 기본금리 | 2.55% | 원금합계 | 10,000,000원 | 세전이자 | +285,000원 | 이자과세(15.4%) | -43,890원 | 세후수령액 | 10,241,110원 | 기간별 금리 | 기본 금리 | 기간 금리 | 3개월 | 2.30% | 6개월 | 2.50% | 12개월 | 2.55% | 조건별 | 이 예금의 만기해지 계좌에 한하여, 다음과 같이 기간별 우대금리 최고 연 0.30%p를 제공한다. | 1 | 만기 축하 금리 | 3개월 : 연 0.20%p, 6개월 : 연 0.20%p, 12개월 : 연 0.30%p | 추가 우대금리 이벤트 또는 쿠폰 발급 | 2 | 광주은행에서 실시하는 이벤트 조건에 부합하거나 우대금리 쿠폰을 발급받아 쿠폰 조건을 충족한 경우 추가 우대금리를 제공하며, 이벤트 또는 쿠폰 발급 시행 시 해당 내용을 인터넷 홈페이지 등에 게시합니다. | 유형 고정금리 | 금리 높은 예금 | 유니온정기예탁금 | 충절로신용협동조합 | 최고 4.21% | 유니온정기예탁금 | 대구대서신용협동조합 | 최고 4.20% | 유니온정기예탁금 | 부산원광신용협동조합 | 최고 4.20% | 더 많은 상품보기 | 편리한 내 금융자산 관리 | 내 신용점수 알아보기 | 잊고 있던 내 보험 찾기 | 계좌 속 숨은 돈 찾기 | 신용 대출 비교하기 | 로그인전체서비스유의사항 | 툴팁 보기 | 예적금 금리정보 | 금융정보는 금융회사 홈페이지 등에 게시된 정보를 기초로 한 참고사항이며, 이는 수시로 변경될 수 있으므로 거래 전 해당 금융회사에 확인 바랍니다. | 최종 업데이트 2026.10.01 | 네이버파이낸셜㈜ 사업자 정보 | 펼치기"
5,IBK기업은행,IBK혁신창업기업응원통장[실세금리정기예금],2.30,2.20,1년 이상 3년 이내(월단위),계좌당 1백만원 이상 100억원 이내,"영업점, 인터넷뱅킹, i-ONE뱅크","개인, 개인사업자 및 법인",,,2.3,2.2,https://pay.naver.com/savings/detail/7821e82547785abf3d2af0b0017538cd,"네이버페이 | 예적금 | 내 계좌 | 검색 | 전체메뉴 | IBK혁신창업기업응원통장[실세금리정기예금] | IBK기업은행 | 방문없이가입누구나가입 | 이율 | 최고 | 연 2.30% | 이율 | 기본 | 연 2.20%(12개월,세전) | 전화 문의 | 공식홈에서 더 알아보기 | 상품 안내 | 기간 | 1년 이상 3년 이내(월단위) | 금액 | 계좌당 1백만원 이상 100억원 이내 | 가입방법 | 영업점, 인터넷뱅킹, i-ONE뱅크 | 대상 | 개인, 개인사업자 및 법인 | 더보기 | 금리 안내 | 12개월 만기시 세후수령액 (단리) | 예치금액 | 입력삭제 | 1,000만원 | 최고금리 | 2.30% | 기본금리 | 2.20% | 원금합계 | 10,000,000원 | 세전이자 | +230,000원 | 이자과세(15.4%) | -35,420원 | 세후수령액 | 10,194,580원 | 기간별 금리 | 기본 금리 | 기간 금리 | 12개월이상 24개월미만 | 2.200% | 24개월이상 36개월미만 | 2.200% | 36개월 | 2.250% | 조건별 | 최고 연 0.1%p(세전) 우대금리를 다음 조건을 충족하는 경우 만기해지 시 제공 | 1 | 혁신창업기업 응원메시지 등록 시 자동 제공(다음 중 택1) | ① 대한민국 혁신창업기업들의 성장을 응원합니다! | ② 보다 나은 미래를 위한 혁신창업기업들의 도전을 응원합니다! | ③ 꿈은 이루어집니다. 혁신창업기업 화이팅! | * 비대면채널에서 응원 문구 선택 시 자동 적용되며, 문구는 향후 달라질 수 있습니다. | 유형 고정금리 | 금리 높은 예금 | 유니온정기예탁금 | 충절로신용협동조합 | 최고 4.21% | 유니온정기예탁금 | 대구대서신용협동조합 | 최고 4.20% | 유니온정기예탁금 | 부산원광신용협동조합 | 최고 4.20% | 더 많은 상품보기 | 편리한 내 금융자산 관리 | 내 신용점수 알아보기 | 잊고 있던 내 보험 찾기 | 계좌 속 숨은 돈 찾기 | 신용 대출 비교하기 | 로그인전체서비스유의사항 | 툴팁 보기 | 예적금 금리정보 | 금융정보는 금융회사 홈페이지 등에 게시된 정보를 기초로 한 참고사항이며, 이는 수시로 변경될 수 있으므로 거래 전 해당 금융회사에 확인 바랍니다. | 최종 업데이트 2026.09.29 | 네이버파이낸셜㈜ 사업자 정보 | 펼치기"
5,KB국민은행,국민수퍼정기예금(개인),2.40,2.30,고정금리형 : 1개월 ~3년이내에서 월 또는 일단위,신규시 최저 100만원이상 원단위로 예치,"영업점, 고객센터","제한없음 (단, 무기명으로는 가입하실 수 없습니다.)",,,2.4,2.3,https://pay.naver.com/savings/detail/7935883d8fa68a6243adbafa2070c445,"네이버페이 | 예적금 | 내 계좌 | 검색 | 전체메뉴 | 국민수퍼정기예금(개인) | KB국민은행 | 방문없이가입누구나가입 | 이율 | 최고 | 연 2.40% | 이율 | 기본 | 연 2.30%(12개월,세전) | 전화 문의 | 공식홈에서 더 알아보기 | 상품 안내 | 기간 | 고정금리형 : 1개월 ~3년이내에서 월 또는 일단위 | 단위기간 금리연동형 : 12개월 이상 36개월 이내에서 월단위로 정하고, 연동(회전)단위기간은 1개월~6개월 이내 월단위 또는 30일 ~181일 이내 일단위로 정할 수 있습니다. | 금액 | 신규시 최저 100만원이상 원단위로 예치 | 건별 10만원이상 원단위로 추가입금 가능(신규 포함 30회까지 가능) | 가입방법 | 영업점, 고객센터 | 대상 | 제한없음 (단, 무기명으로는 가입하실 수 없습니다.) | 더보기 | 금리 안내 | 12개월 만기시 세후수령액 (단리) | 예치금액 | 입력삭제 | 1,000만원 | 최고금리 | 2.40% | 기본금리 | 2.30% | 원금합계 | 10,000,000원 | 세전이자 | +240,000원 | 이자과세(15.4%) | -36,960원 | 세후수령액 | 10,203,040원 | 기간별 금리 | 기본 금리 | 기간 만기지급식(확정금리) 월이자지급식(확정금리) 월이자복리식(확정금리) | 1개월이상~3개월미만 | 1.900% | - | - | 3개월이상~6개월미만 | 2.250% 2.150% | - | 6개월이상~1년미만 | 2.250% 2.150% | - | 1년이상~2년미만 | 2.300% 2.200% 2.200% | 2년이상~3년미만 | 2.350% 2.250% 2.250% | 3년 | 2.450% 2.350% 2.350% | 조건별 | 금리우대쿠폰 | 1 | 이 예금의 신규 시 금리우대쿠폰을 적용한 경우 쿠폰 우대금리를 기본이율에 가산 | ※ 금리우대쿠폰 우대금리는 신규 당시 적용한 쿠폰의 우대금리를 따르며, 세부 사항(적용방법, 유의사항 등)은 금리우대쿠폰에서 확인 가능 | ※ 금리우대쿠폰은 신규 시에만 사용 가능하며 중도해지시 미적용 | 고정금리형 또는 단위기간금리 연동형 신규 시(추가입금 제외) 아래에 해당하는 경우 우대이율 적용 | 2 | ☞ 비과세가계저축 및 중장기주택부금 만기계좌를 해지일로부터 2개월 이내에 본인이나 배우자 또는 직계존비속 명의로 계약기간 1년 이상 가입하는 계좌 : 연 0.1%p | 유형 고정금리, 변동금리 | 금리 높은 예금 | 유니온정기예탁금 | 충절로신용협동조합 | 최고 4.21% | 유니온정기예탁금 | 대구대서신용협동조합 | 최고 4.20% | 유니온정기예탁금 | 부산원광신용협동조합 | 최고 4.20% | 더 많은 상품보기 | 편리한 내 금융자산 관리 | 내 신용점수 알아보기 | 잊고 있던 내 보험 찾기 | 계좌 속 숨은 돈 찾기 | 신용 대출 비교하기 | 로그인전체서비스유의사항 | 툴팁 보기 | 예적금 금리정보 | 금융정보는 금융회사 홈페이지 등에 게시된 정보를 기초로 한 참고사항이며, 이는 수시로 변경될 수 있으므로 거래 전 해당 금융회사에 확인 바랍니다. | 최종 업데이트 2026.09.29 | 네이버파이낸셜㈜ 사업자 정보 | 펼치기"
3,IBK기업은행,IBK회전정기예금,3.30,3.30,"1년제, 2년제, 3년제",1백만원 이상 제한없음,영업점,"제한 없음 (단, 금융기관 제외)",,,3.3,3.3,https://pay.naver.com/savings/detail/798731c9bc1ef802733e7930181bfa70,"네이버페이 | 예적금 | 내 계좌 | 검색 | 전체메뉴 | IBK회전정기예금 | IBK기업은행 | 누구나가입 | 이율 | 최고 | 연 3.30% | 이율 | 기본 | 연 3.30%(12개월,세전) | 전화 문의 | 공식홈에서 더 알아보기 | 상품 안내 | 기간 | 1년제, 2년제, 3년제 | (회전기간 : 1, 2, 3, 6, 12개월) | 금액 | 1백만원 이상 제한없음 | 가입방법 | 영업점 | 대상 | 제한 없음 (단, 금융기관 제외) | 더보기 | 금리 안내 | 기간별 금리 | 기본 금리 | 기간 월이자지급식 회전기간이자지급식 만기일시지급식 | 회전기간 1개월 | 2.280% 2.280% 2.380% | 회전기간 2개월 | 2.450% 2.450% 2.550% | 회전기간 3개월 | 2.630% 2.630% 2.730% | 회전기간 6개월 | 3.000% 3.000% 3.100% | 회전기간 1년 | 3.200% 3.200% 3.300% | 유형 변동금리 | 금리 높은 예금 | 유니온정기예탁금 | 충절로신용협동조합 | 최고 4.21% | 유니온정기예탁금 | 대구대서신용협동조합 | 최고 4.20% | 유니온정기예탁금 | 부산원광신용협동조합 | 최고 4.20% | 더 많은 상품보기 | 편리한 내 금융자산 관리 | 내 신용점수 알아보기 | 잊고 있던 내 보험 찾기 | 계좌 속 숨은 돈 찾기 | 신용 대출 비교하기 | 로그인전체서비스유의사항 | 툴팁 보기 | 예적금 금리정보 | 금융정보는 금융회사 홈페이지 등에 게시된 정보를 기초로 한 참고사항이며, 이는 수시로 변경될 수 있으므로 거래 전 해당 금융회사에 확인 바랍니다. | 최종 업데이트 2026.09.29 | 네이버파이낸셜㈜ 사업자 정보 | 펼치기"
1,KB국민은행,KB골든라이프연금예금,3.70,3.50,1개월 이상 12개월 이하 (월 단위),"1백만원 이상 (원 단위, 추가입금 불가)","지점, KB스타뱅킹, 고객센터(화상상담 포함)",실명의 개인,,,3.7,3.5,https://pay.naver.com/savings/detail/7b0ddf97bc207467f4269828922c04bc,"네이버페이 | 예적금 | 내 계좌 | 검색 | 전체메뉴 | KB골든라이프연금예금 | KB국민은행 | 특판방문없이가입누구나가입 | 이율 | 최고 | 연 3.70% | 이율 | 기본 | 연 3.50%(12개월,세전) | 특판 | (금리) 12개월 기본금리 연 3.50%에 우대금리 최대 연 0.20% 적용시 최고 연 3.70% 금리 제공 | (조건) 우대조건 충족 시 우대금리 제공 | 판매한도 : 5천억원 | 전화 문의 | 공식홈에서 더 알아보기 | 상품 안내 | 기간 | 1개월 이상 12개월 이하 (월 단위) | 금액 | 1백만원 이상 (원 단위, 추가입금 불가) | 가입방법 | 지점, KB스타뱅킹, 고객센터(화상상담 포함) | 대상 | 실명의 개인 | ※ 개인사업자 및 관련서류 미제출 임의단체 가입 가능 | 더보기 | 금리 안내 | 12개월 만기시 세후수령액 (단리) | 예치금액 | 입력삭제 | 1,000만원 | 최고금리 | 3.70% | 기본금리 | 3.50% | 원금합계 | 10,000,000원 | 세전이자 | +370,000원 | 이자과세(15.4%) | -56,980원 | 세후수령액 | 10,313,020원 | 기간별 금리 | 기본 금리 | 기간 금리 | 1개월 이상 ~ 3개월 미만 | 연 2.75% | 3개월 이상 ~ 6개월 미만 | 연 3.05% | 6개월 이상 ~ 12개월 미만 | 연 3.15% | 12개월 | 연 3.50% | 조건별 | 제공조건을 달성한 만기해지 계좌에 계약기간 동안 적용하며, 중도해지 계좌에는 적용하지 않음 | 1 | 이 예금 가입일부터 만기일 전날까지 KB국민은행 본인명의 입출금통장으로 연금*을 받은 월수가 이 예금 계약기간의 1/2 이상인 경우 | * 국민연금, 군인연금, 사학연금, 공무원연금, 보훈급여(‘국가보훈부’를 적요로 하여 지로자동이체(센터컷)를 통해 매월 15일(영업일이 아닌 경우 전영업일)에 입금되는 이체실적) : 0.2% | 금리우대쿠폰 | 2 | 가입 시 금리우대쿠폰을 적용한 경우 쿠폰의 우대금리를 최종금리에 더함 | - 금리우대쿠폰은 신규 시에만 사용 가능하며 중도해지 시 미적용 | - 금리우대쿠폰의 적용방법 및 유의사항은 금리우대쿠폰에서 확인 가능하며 자세한 내용은 KB금융쿠폰 서비스에 따름 | 유형 고정금리 | 금리 높은 예금 | 유니온정기예탁금 | 충절로신용협동조합 | 최고 4.21% | 유니온정기예탁금 | 대구대서신용협동조합 | 최고 4.20% | 유니온정기예탁금 | 부산원광신용협동조합 | 최고 4.20% | 더 많은 상품보기 | 편리한 내 금융자산 관리 | 내 신용점수 알아보기 | 잊고 있던 내 보험 찾기 | 계좌 속 숨은 돈 찾기 | 신용 대출 비교하기 | 로그인전체서비스유의사항 | 툴팁 보기 | 예적금 금리정보 | 금융정보는 금융회사 홈페이지 등에 게시된 정보를 기초로 한 참고사항이며, 이는 수시로 변경될 수 있으므로 거래 전 해당 금융회사에 확인 바랍니다. | 최종 업데이트 2026.09.29 | 네이버파이낸셜㈜ 사업자 정보 | 펼치기"
2,NH농협은행,NH왈츠회전예금II,3.55,3.45,36개월 이내(월 단위),300만원 이상,"영업점, 비대면 채널",개인,,,3.55,3.45,https://pay.naver.com/savings/detail/7e075ffd48688017b3f3c89bd3434a9d,"네이버페이 | 예적금 | 내 계좌 | 검색 | 전체메뉴 | NH왈츠회전예금II | NH농협은행 | 방문없이가입누구나가입 | 이율 | 최고 | 연 3.55% | 이율 | 기본 | 연 3.45%(12개월,세전) | 전화 문의 | 공식홈에서 더 알아보기 | 상품 안내 | 기간 | 36개월 이내(월 단위) | * 회전주기 : 1개윌 이상 12개월 이내 월단위(회전주기는 금리가 변경 적용되는 주기를 말함) | 금액 | 300만원 이상 | 가입방법 | 영업점, 비대면 채널 | 대상 | 개인 | 더보기 | 금리 안내 | 기간별 금리 | 기본 금리 | 기간 만기일시지급식 인터넷가입시기본금리 이자지급식 인터넷가입시기본금리 | 1개월이상 ~ 3개월미만 | 2.400% 2.300% | 3개월이상 ~ 6개월미만 | 2.700% 2.600% | 6개월이상 ~ 12개월미만 | 3.250% 3.150% | 12개월이상 | 3.450% 3.350% | 조건별 | 우대금리 최고 0.20%p (우대조건을 충족하는 경우 만기해지 시에 적용, 은행 영업점 또는 고객센터 문의) | 1 | 전월 급여이체실적*(50만원 이상)이 있는 경우 | * 급여입금실적 인정기준은 농협은행 하나로가족고객제도에서 정하는 급여이체 기준을 준용하며, 월별 50만원 이상인 경우 인정, 비연속적인 경우도 포함 : 0.1% | 2 | 계약기간 내 연속 3회전 이상 회전기간을 유지하는 계좌에 대해 4회전 기간부터 회전기간 충족분에 제공 : 0.1% | 유형 변동금리 | 금리 높은 예금 | 유니온정기예탁금 | 충절로신용협동조합 | 최고 4.21% | 유니온정기예탁금 | 대구대서신용협동조합 | 최고 4.20% | 유니온정기예탁금 | 부산원광신용협동조합 | 최고 4.20% | 더 많은 상품보기 | 편리한 내 금융자산 관리 | 내 신용점수 알아보기 | 잊고 있던 내 보험 찾기 | 계좌 속 숨은 돈 찾기 | 신용 대출 비교하기 | 로그인전체서비스유의사항 | 툴팁 보기 | 예적금 금리정보 | 금융정보는 금융회사 홈페이지 등에 게시된 정보를 기초로 한 참고사항이며, 이는 수시로 변경될 수 있으므로 거래 전 해당 금융회사에 확인 바랍니다. | 최종 업데이트 2026.09.30 | 네이버파이낸셜㈜ 사업자 정보 | 펼치기"
2,우리은행,WON플러스 예금,3.50,3.50,1개월 이상 36개월 이하,1만원 이상,"인터넷, 스마트폰, 전화",실명의 개인,,,3.5,3.5,https://pay.naver.com/savings/detail/7f3fdbddc0850de2bdf3015d54d8a9a0,"네이버페이 | 예적금 | 내 계좌 | 검색 | 전체메뉴 | WON플러스 예금 | 우리은행 | 방문없이가입누구나가입 | 이율 | 최고 | 연 3.50% | 이율 | 기본 | 연 3.50%(12개월,세전) | 전화 문의 | 공식홈에서 더 알아보기 | 상품 안내 | 기간 | 1개월 이상 36개월 이하 | 금액 | 1만원 이상 | 가입방법 | 인터넷, 스마트폰, 전화 | 대상 | 실명의 개인 | 더보기 | 금리 안내 | 12개월 만기시 세후수령액 (단리) | 예치금액 | 입력삭제 | 1,000만원 | 최고금리 | 3.50% | 기본금리 | 3.50% | 원금합계 | 10,000,000원 | 세전이자 | +350,000원 | 이자과세(15.4%) | -53,900원 | 세후수령액 | 10,296,100원 | 기간별 금리 | 기본 금리 | 기간 금리 | 1개월이상 3개월미만 | 2.700% | 3개월이상 6개월미만 | 2.900% | 6개월이상 12개월미만 | 3.300% | 12개월 | 3.500% | 12개월초과 24개월미만 | 3.400% | 24개월이상 36개월미만 | 3.000% | 36개월 | 2.700% | 조건별 | 1 | 신규가입 시 금리쿠폰 적용이 가능하며, 중도해지 시 쿠폰금리는 미적용됩니다. | * 이벤트 진행 시 우리은행 영업점 및 인터넷(스마트) 홈페이지를 통해 적용 가능한 쿠폰금리 확인 및 지정된 계약 기간으로 가입 가능 | 유형 고정금리 | 금리 높은 예금 | 유니온정기예탁금 | 충절로신용협동조합 | 최고 4.21% | 유니온정기예탁금 | 대구대서신용협동조합 | 최고 4.20% | 유니온정기예탁금 | 부산원광신용협동조합 | 최고 4.20% | 더 많은 상품보기 | 편리한 내 금융자산 관리 | 내 신용점수 알아보기 | 잊고 있던 내 보험 찾기 | 계좌 속 숨은 돈 찾기 | 신용 대출 비교하기 | 로그인전체서비스유의사항 | 툴팁 보기 | 예적금 금리정보 | 금융정보는 금융회사 홈페이지 등에 게시된 정보를 기초로 한 참고사항이며, 이는 수시로 변경될 수 있으므로 거래 전 해당 금융회사에 확인 바랍니다. | 최종 업데이트 2026.09.29 | 네이버파이낸셜㈜ 사업자 정보 | 펼치기"
5,제주은행,정기예금(만기이자지급식),2.20,2.20,1개월이상 5년이하,최소 100만원 이상,영업점,제한없음,,,2.2,2.2,https://pay.naver.com/savings/detail/8346f97d130fd393e407ba34aaf21d18,"네이버페이 | 예적금 | 내 계좌 | 검색 | 전체메뉴 | 정기예금(만기이자지급식) | 제주은행 | 누구나가입 | 이율 | 최고 | 연 2.20% | 이율 | 기본 | 연 2.20%(12개월,세전) | 전화 문의 | 공식홈에서 더 알아보기 | 상품 안내 | 기간 | 1개월이상 5년이하 | 월단위/일단위 가능 | 금액 | 최소 100만원 이상 | 최고거래금액 제한없음 | 가입방법 | 영업점 | 대상 | 제한없음 | 더보기 | 금리 안내 | 12개월 만기시 세후수령액 (단리) | 예치금액 | 입력삭제 | 1,000만원 | 최고금리 | 2.20% | 기본금리 | 2.20% | 원금합계 | 10,000,000원 | 세전이자 | +220,000원 | 이자과세(15.4%) | -33,880원 | 세후수령액 | 10,186,120원 | 기간별 금리 | 기본 금리 | 기간 금리 | 1개월이상 3개월미만 | 1.900% | 3개월이상 6개월미만 | 2.000% | 6개월이상 1년미만 | 2.150% | 1년이상 2년미만 | 2.200% | 2년이상 5년만기 | 2.100% | 유형 고정금리 | 금리 높은 예금 | 유니온정기예탁금 | 충절로신용협동조합 | 최고 4.21% | 유니온정기예탁금 | 대구대서신용협동조합 | 최고 4.20% | 유니온정기예탁금 | 부산원광신용협동조합 | 최고 4.20% | 더 많은 상품보기 | 편리한 내 금융자산 관리 | 내 신용점수 알아보기 | 잊고 있던 내 보험 찾기 | 계좌 속 숨은 돈 찾기 | 신용 대출 비교하기 | 로그인전체서비스유의사항 | 툴팁 보기 | 예적금 금리정보 | 금융정보는 금융회사 홈페이지 등에 게시된 정보를 기초로 한 참고사항이며, 이는 수시로 변경될 수 있으므로 거래 전 해당 금융회사에 확인 바랍니다. | 최종 업데이트 2026.09.29 | 네이버파이낸셜㈜ 사업자 정보 | 펼치기"
4,신한은행,정기예금,2.55,2.55,1개월이상 60개월이하 1일 단위,1만원 부터 제한없음,영업점,제한없음,,,2.55,2.55,https://pay.naver.com/savings/detail/8378f99ec5fc2e01c9edc73253f41407,"네이버페이 | 예적금 | 내 계좌 | 검색 | 전체메뉴 | 정기예금 | 신한은행 | 누구나가입 | 이율 | 최고 | 연 2.55% | 이율 | 기본 | 연 2.55%(12개월,세전) | 전화 문의 | 공식홈에서 더 알아보기 | 상품 안내 | 기간 | 1개월이상 60개월이하 1일 단위 | 금액 | 1만원 부터 제한없음 | 가입방법 | 영업점 | 대상 | 제한없음 | 더보기 | 금리 안내 | 12개월 만기시 세후수령액 (단리) | 예치금액 | 입력삭제 | 1,000만원 | 최고금리 | 2.55% | 기본금리 | 2.55% | 원금합계 | 10,000,000원 | 세전이자 | +255,000원 | 이자과세(15.4%) | -39,270원 | 세후수령액 | 10,215,730원 | 기간별 금리 | 기본 금리 | 기간 기본이율 온라인가입시 이율 | 1개월이상 | 2.250% 2.250% | 3개월이상 | 2.450% 2.450% | 6개월이상 | 2.500% 2.500% | 9개월이상 | 2.500% 2.500% | 12개월이상 | 2.550% 2.550% | 24개월이상 | 2.600% 2.600% | 36개월이상 | 2.600% 2.600% | 48개월이상 | 2.650% 2.650% | 60개월제 | 2.700% 2.700% | 유형 고정금리 | 금리 높은 예금 | 유니온정기예탁금 | 충절로신용협동조합 | 최고 4.21% | 유니온정기예탁금 | 대구대서신용협동조합 | 최고 4.20% | 유니온정기예탁금 | 부산원광신용협동조합 | 최고 4.20% | 더 많은 상품보기 | 편리한 내 금융자산 관리 | 내 신용점수 알아보기 | 잊고 있던 내 보험 찾기 | 계좌 속 숨은 돈 찾기 | 신용 대출 비교하기 | 로그인전체서비스유의사항 | 툴팁 보기 | 예적금 금리정보 | 금융정보는 금융회사 홈페이지 등에 게시된 정보를 기초로 한 참고사항이며, 이는 수시로 변경될 수 있으므로 거래 전 해당 금융회사에 확인 바랍니다. | 최종 업데이트 2026.09.29 | 네이버파이낸셜㈜ 사업자 정보 | 펼치기"
4,우리은행,우리 SUPER 정기예금,2.45,2.45,"1개월 이상 36개월 이하 (일, 월 단위)",1백만원 이상,"인터넷, 영업점, 스마트폰, 전화",실명의 개인,,,2.45,2.45,https://pay.naver.com/savings/detail/8838bcf5148c48349d8636bc1f280a6f,"네이버페이 | 예적금 | 내 계좌 | 검색 | 전체메뉴 | 우리 SUPER 정기예금 | 우리은행 | 방문없이가입누구나가입 | 이율 | 최고 | 연 2.45% | 이율 | 기본 | 연 2.45%(12개월,세전) | 전화 문의 | 공식홈에서 더 알아보기 | 상품 안내 | 기간 | 1개월 이상 36개월 이하 (일, 월 단위) | 금액 | 1백만원 이상 | 가입방법 | 인터넷, 영업점, 스마트폰, 전화 | 대상 | 실명의 개인 | 더보기 | 금리 안내 | 12개월 만기시 세후수령액 (단리) | 예치금액 | 입력삭제 | 1,000만원 | 최고금리 | 2.45% | 기본금리 | 2.45% | 원금합계 | 10,000,000원 | 세전이자 | +245,000원 | 이자과세(15.4%) | -37,730원 | 세후수령액 | 10,207,270원 | 기간별 금리 | 기본 금리 | 기간 금리 | 1개월이상 3개월미만 | 2.200% | 3개월이상 6개월미만 | 2.300% | 6개월이상 12개월미만 | 2.350% | 12개월이상 24개월미만 | 2.450% | 24개월이상 36개월미만 | 2.400% | 36개월이상 | 2.400% | 유형 고정금리 | 금리 높은 예금 | 유니온정기예탁금 | 충절로신용협동조합 | 최고 4.21% | 유니온정기예탁금 | 대구대서신용협동조합 | 최고 4.20% | 유니온정기예탁금 | 부산원광신용협동조합 | 최고 4.20% | 더 많은 상품보기 | 편리한 내 금융자산 관리 | 내 신용점수 알아보기 | 잊고 있던 내 보험 찾기 | 계좌 속 숨은 돈 찾기 | 신용 대출 비교하기 | 로그인전체서비스유의사항 | 툴팁 보기 | 예적금 금리정보 | 금융정보는 금융회사 홈페이지 등에 게시된 정보를 기초로 한 참고사항이며, 이는 수시로 변경될 수 있으므로 거래 전 해당 금융회사에 확인 바랍니다. | 최종 업데이트 2026.09.29 | 네이버파이낸셜㈜ 사업자 정보 | 펼치기"
1,부산은행,더(The) 레벨업 정기예금,3.87,2.65,"6개월, 12개월",최소 1백만원 이상 제한없음 (원 단위),모바일뱅킹(개인),실명의 개인,,,3.87,2.65,https://pay.naver.com/savings/detail/8ae274d2a472fcf5d239fa85e8e94982,"네이버페이 | 예적금 | 내 계좌 | 검색 | 전체메뉴 | 더(The) 레벨업 정기예금 | 부산은행 | 특판방문없이가입누구나가입 | 이율 | 최고 | 연 3.87% | 이율 | 기본 | 연 2.65%(12개월,세전) | 특판 | (금리) 기본이율 연 2.65%에 최대 1.22%의 우대이율을 제공하여 최고 연 3.87%금리 제공(세전, 1년제 기준) | (조건) 모바일뱅킹으로 가입하고 우대조건 충족 시 우대금리 제공 | 판매기간 : 2024.06.25 (화) ~ 2026.12.31(목) | (단, 판매기간 종료 또는 시장상황에 따라 별도의 고지없이 조기 종료될 수 있습니다) | 전화 문의 | 공식홈에서 더 알아보기 | 상품 안내 | 기간 | 6개월, 12개월 | 금액 | 최소 1백만원 이상 제한없음 (원 단위) | 가입방법 | 모바일뱅킹(개인) | 대상 | 실명의 개인 | 더보기 | 금리 안내 | 12개월 만기시 세후수령액 (단리) | 예치금액 | 입력삭제 | 1,000만원 | 최고금리 | 3.87% | 기본금리 | 2.65% | 원금합계 | 10,000,000원 | 세전이자 | +387,000원 | 이자과세(15.4%) | -59,598원 | 세후수령액 | 10,327,402원 | 기간별 금리 | 기본 금리 | 기간 연이율 연수익률 | 6개월 | 2.500% 2.520% | 12개월 | 2.650% 2.650% | 조건별 | 이 예금은 아래 항목을 모두 충족하는 경우 최대 1.22%p의 우대이율을 만기해지시 제공합니다. | (우대이율은 중도해지시 적용되지 않음, 주거래 우대이율 등 다른 규정에서 정한 우대이율과 중복 적용 불가) | 1 | 모바일뱅킹 금융정보 및 혜택알림 동의 우대이율 | - 부산은행 모바일뱅킹을 통해 금융정보 혜택알림(PUSH)에 동의한 고객으로 만기해지 시점 알림 동의 된 경우 적용 : 0.1% | 2 | 이벤트 우대이율 : 비대면 정기예금 재예치 우대이율(신규시 적용) | - 이 예금 신규일 기준, 최근 7영업일 이내 비대면정기예금* 만기 해지 후 재예치 시 우대이율 적용 | (단, 만기 비대면 정기예금의 '원금' 금액 이상 재예치시 적용) | * 신규 가입 채널은 '모바일뱅킹', '인터넷뱅킹', '텔레뱅킹'에 한함 : 1.12% | 유형 고정금리 | 금리 높은 예금 | 유니온정기예탁금 | 충절로신용협동조합 | 최고 4.21% | 유니온정기예탁금 | 대구대서신용협동조합 | 최고 4.20% | 유니온정기예탁금 | 부산원광신용협동조합 | 최고 4.20% | 더 많은 상품보기 | 편리한 내 금융자산 관리 | 내 신용점수 알아보기 | 잊고 있던 내 보험 찾기 | 계좌 속 숨은 돈 찾기 | 신용 대출 비교하기 | 로그인전체서비스유의사항 | 툴팁 보기 | 예적금 금리정보 | 금융정보는 금융회사 홈페이지 등에 게시된 정보를 기초로 한 참고사항이며, 이는 수시로 변경될 수 있으므로 거래 전 해당 금융회사에 확인 바랍니다. | 최종 업데이트 2026.09.28 | 네이버파이낸셜㈜ 사업자 정보 | 펼치기"
2,전북은행,JB 주거래 플러스 예금,3.60,3.40,1년 이상 3년 이하(연단위),계좌별 1백만원 이상,"영업점, 인터넷뱅킹, 모바일뱅킹, 모바일Web",실명의 개인 및 개인사업자,,,3.6,3.4,https://pay.naver.com/savings/detail/90b662e8dd7569c752073585a93b6909,"네이버페이 | 예적금 | 내 계좌 | 검색 | 전체메뉴 | JB 주거래 플러스 예금 | 전북은행 | 방문없이가입누구나가입 | 이율 | 최고 | 연 3.60% | 이율 | 기본 | 연 3.40%(12개월,세전) | 전화 문의 | 공식홈에서 더 알아보기 | 상품 안내 | 기간 | 1년 이상 3년 이하(연단위) | 금액 | 계좌별 1백만원 이상 | 가입방법 | 영업점, 인터넷뱅킹, 모바일뱅킹, 모바일Web | 대상 | 실명의 개인 및 개인사업자 | 더보기 | 금리 안내 | 12개월 만기시 세후수령액 (단리) | 예치금액 | 입력삭제 | 1,000만원 | 최고금리 | 3.60% | 기본금리 | 3.40% | 원금합계 | 10,000,000원 | 세전이자 | +360,000원 | 이자과세(15.4%) | -55,440원 | 세후수령액 | 10,304,560원 | 기간별 금리 | 기본 금리 | 기간 금리 | 1년만기 | 3.400% | 2년만기 | 3.000% | 3년만기 | 2.900% | 조건별 | 아래 우대조건 충족시 최대 0.20% 우대금리 제공 | 1 | 이 예금의 신규일 현재 「JB 주거래 통장」 정상 보유 고객 : 0.1% | 2 | 예금 신규월부터 만기일 전전월까지 JB 신용(체크)카드 매입(사용)실적*이 100만원 이상인 경우 | * JB 신용(체크)카드 매입(사용) 실적 인정기준 : 가족카드는 본인카드 실적에 합산, 현금서비스 제외, 개인사업자의 경우 기업(신용, 체크)카드 실적 포함(임직원카드 제외) : 0.1% | 유형 고정금리 | 금리 높은 예금 | 유니온정기예탁금 | 충절로신용협동조합 | 최고 4.21% | 유니온정기예탁금 | 대구대서신용협동조합 | 최고 4.20% | 유니온정기예탁금 | 부산원광신용협동조합 | 최고 4.20% | 더 많은 상품보기 | 편리한 내 금융자산 관리 | 내 신용점수 알아보기 | 잊고 있던 내 보험 찾기 | 계좌 속 숨은 돈 찾기 | 신용 대출 비교하기 | 로그인전체서비스유의사항 | 툴팁 보기 | 예적금 금리정보 | 금융정보는 금융회사 홈페이지 등에 게시된 정보를 기초로 한 참고사항이며, 이는 수시로 변경될 수 있으므로 거래 전 해당 금융회사에 확인 바랍니다. | 최종 업데이트 2026.09.28 | 네이버파이낸셜㈜ 사업자 정보 | 펼치기"
5,IBK기업은행,정기예금,2.10,2.10,"1개월 이상 5년 이하 (연, 월, 일 단위)","가입금액은 1만원 이상이며, 최고한도 제한없음","영업점, 인터넷뱅킹, 텔레뱅킹(IBK고객센터), i-ONE뱅크",제한없음,,,2.1,2.1,https://pay.naver.com/savings/detail/90f544b4fbd8521b59c9da8aa82b8e24,"네이버페이 | 예적금 | 내 계좌 | 검색 | 전체메뉴 | 정기예금 | IBK기업은행 | 방문없이가입누구나가입 | 이율 | 최고 | 연 2.10% | 이율 | 기본 | 연 2.10%(12개월,세전) | 전화 문의 | 공식홈에서 더 알아보기 | 상품 안내 | 기간 | 1개월 이상 5년 이하 (연, 월, 일 단위) | 금액 | 가입금액은 1만원 이상이며, 최고한도 제한없음 | 가입방법 | 영업점, 인터넷뱅킹, 텔레뱅킹(IBK고객센터), i-ONE뱅크 | 대상 | 제한없음 | 더보기 | 금리 안내 | 12개월 만기시 세후수령액 (단리) | 예치금액 | 입력삭제 | 1,000만원 | 최고금리 | 2.10% | 기본금리 | 2.10% | 원금합계 | 10,000,000원 | 세전이자 | +210,000원 | 이자과세(15.4%) | -32,340원 | 세후수령액 | 10,177,660원 | 기간별 금리 | 기본 금리 | 기간 만기지급식 | 1개월이상 3개월미만 | 1.800% | 3개월이상 6개월미만 | 1.900% | 6개월이상 9개월미만 | 2.050% | 9개월이상 12개월미만 | 2.050% | 12개월이상 24개월미만 | 2.100% | 24개월이상 36개월미만 | 2.100% | 36개월 | 2.200% | 36개월초과 60개월이하 | 2.200% | 유형 고정금리 | 금리 높은 예금 | 유니온정기예탁금 | 충절로신용협동조합 | 최고 4.21% | 유니온정기예탁금 | 대구대서신용협동조합 | 최고 4.20% | 유니온정기예탁금 | 부산원광신용협동조합 | 최고 4.20% | 더 많은 상품보기 | 편리한 내 금융자산 관리 | 내 신용점수 알아보기 | 잊고 있던 내 보험 찾기 | 계좌 속 숨은 돈 찾기 | 신용 대출 비교하기 | 로그인전체서비스유의사항 | 툴팁 보기 | 예적금 금리정보 | 금융정보는 금융회사 홈페이지 등에 게시된 정보를 기초로 한 참고사항이며, 이는 수시로 변경될 수 있으므로 거래 전 해당 금융회사에 확인 바랍니다. | 최종 업데이트 2026.09.29 | 네이버파이낸셜㈜ 사업자 정보 | 펼치기"
3,부산은행,저탄소 실천 예금,3.00,2.60,3개월 이상 36개월 이하 (일 단위),3백만원 이상 (원 단위),"영업점,인터넷뱅킹(개인),인터넷뱅킹(기업),모바일뱅킹(개인),모바일뱅킹(기업),디지털데스크, New-B",제한없음,,,3.0,2.6,https://pay.naver.com/savings/detail/962859f3fd75d5e405ddcc368d792cd3,"네이버페이 | 예적금 | 내 계좌 | 검색 | 전체메뉴 | 저탄소 실천 예금 | 부산은행 | 방문없이가입누구나가입 | 이율 | 최고 | 연 3.00% | 이율 | 기본 | 연 2.60%(12개월,세전) | 전화 문의 | 공식홈에서 더 알아보기 | 상품 안내 | 기간 | 3개월 이상 36개월 이하 (일 단위) | 금액 | 3백만원 이상 (원 단위) | 가입방법 | 영업점,인터넷뱅킹(개인),인터넷뱅킹(기업),모바일뱅킹(개인),모바일뱅킹(기업),디지털데스크, New-B | 대상 | 제한없음 | 더보기 | 금리 안내 | 12개월 만기시 세후수령액 (단리) | 예치금액 | 입력삭제 | 1,000만원 | 최고금리 | 3.00% | 기본금리 | 2.60% | 원금합계 | 10,000,000원 | 세전이자 | +300,000원 | 이자과세(15.4%) | -46,200원 | 세후수령액 | 10,253,800원 | 기간별 금리 | 기본 금리 | 기간 연이율 연수익률 | 3개월 이상 ~ 6개월 미만 | 2.350% 2.370% | 6개월 이상 ~ 12개월 미만 | 2.400% 2.410% | 12개월 이상 ~ 24개월 미만 | 2.600% 2.600% | 24개월 이상 ~ 36개월 미만 | 2.500% 2.470% | 36개월 | 2.400% 2.340% | 조건별 | 개인형 우대이율 (최대 0.40%p) | 1 | 이 예금의 해지시 저탄소 실천 적금을 보유하고 있는 경우 | 만기일 당일 해지분은 우대이율 적용 : 0.1% | 2 | 비대면 채널을 통해 이 예금을 가입하거나 만기일까지 종이통장을 미발행하는 경우 : 0.1% | 3 | - 부산은행 신용(체크)카드 후불교통 이용 실적 발생월이 가입기간의 2/3개월 이상 존재하는 경우 적용(단, 페이형식 결제(삼성페이, 페이코 등) 및 후불 하이패스 이용실적은 제외) | ※ 대중교통의 범위 : 지하철, 시내버스, 시외버스, 공항버스 | - 만기일 전일까지 매월 말일 기준 실적 보유 : 0.1% | 4 | 정부(https://cpoint.or.kr)에서 시행하는 '탄소포인트제'에 참여하고 만기일 전일까지 '탄소포인트제 가입 확인서'를 은행에 제시하는 경우 | (영업점 창구를 통한 대면 제시 또는 모바일뱅킹을 통해 사진 촬영하여 제시) : 0.1% | 유형 고정금리 | 금리 높은 예금 | 유니온정기예탁금 | 충절로신용협동조합 | 최고 4.21% | 유니온정기예탁금 | 대구대서신용협동조합 | 최고 4.20% | 유니온정기예탁금 | 부산원광신용협동조합 | 최고 4.20% | 더 많은 상품보기 | 편리한 내 금융자산 관리 | 내 신용점수 알아보기 | 잊고 있던 내 보험 찾기 | 계좌 속 숨은 돈 찾기 | 신용 대출 비교하기 | 로그인전체서비스유의사항 | 툴팁 보기 | 예적금 금리정보 | 금융정보는 금융회사 홈페이지 등에 게시된 정보를 기초로 한 참고사항이며, 이는 수시로 변경될 수 있으므로 거래 전 해당 금융회사에 확인 바랍니다. | 최종 업데이트 2026.09.28 | 네이버파이낸셜㈜ 사업자 정보 | 펼치기"
3,신한은행,신한 My플러스 정기예금,3.30,2.55,"1개월 ,3개월 ,6개월, 12개월",50만원 이상 1억원 이내,"영업점, 모바일",실명의 개인 (1인 1계좌),,,3.3,2.55,https://pay.naver.com/savings/detail/971ce82ce064d7a927106eb00291d494,"네이버페이 | 예적금 | 내 계좌 | 검색 | 전체메뉴 | 신한 My플러스 정기예금 | 신한은행 | 방문없이가입누구나가입 | 이율 | 최고 | 연 3.30% | 이율 | 기본 | 연 2.55%(12개월,세전) | 전화 문의 | 공식홈에서 더 알아보기 | 상품 안내 | 기간 | 1개월 ,3개월 ,6개월, 12개월 | 금액 | 50만원 이상 1억원 이내 | 가입방법 | 영업점, 모바일 | 대상 | 실명의 개인 (1인 1계좌) | 더보기 | 금리 안내 | 12개월 만기시 세후수령액 (단리) | 예치금액 | 입력삭제 | 1,000만원 | 최고금리 | 3.30% | 기본금리 | 2.55% | 원금합계 | 10,000,000원 | 세전이자 | +330,000원 | 이자과세(15.4%) | -50,820원 | 세후수령액 | 10,279,180원 | 기간별 금리 | 기본 금리 | 기간 기본이율 온라인가입시 이율 | 1개월제 | 2.250% 2.300% | 3개월제 | 2.450% 2.650% | 6개월제 | 2.500% 2.900% | 12개월제 | 2.550% 3.100% | 조건별 | 다음 우대 요건의 충족 여부에 따라 최고 연 0.2% 우대이자율 제공 | 1 | 예금 가입일 기준 최근 6개월간 정기예금 미보유 고객이 이 예금 가입 시 : 0.1% | 2 | 예금 보유기간 중 예금주 명의의 신한은행 입출금 통장에 건 별 50만원 이상 소득 입금 발생 시 : 0.1% | ※ 단, 가입기간 1개월제, 3개월제 가입 고객은 보유 기간 중 1개월 이상 소득입금 발생 시, 가입기간 6개월제, 12개월제 가입 고객은 보유기간 중 3개월 이상 소득입금 발생 시 우대이자율을 제공합니다. | *신한은행 본인명의 계좌간 이체는 인정되지 않습니다. | 금리우대쿠폰 | 3 | 대고객 이벤트 등을 통해 금리우대쿠폰을 받은 경우 우대이자율 적용합니다. | - 금리우대쿠폰에 명시된 유효기간 내 가입 시 쿠폰에 명시된 우대이자율이 적용되며, 유효기간은 연장되지 않습니다. | - 이 예금 가입 시 금리우대쿠폰을 보유 시 금리우대쿠폰 적용이 가능하며, 예금 보유기간 중 금리우대쿠폰을 수령하더라도 소급 적용되지 않습니다. | - 계약기간 만기 전 중도 해지한 계좌에 대해서는 적용하지 않습니다. | 유형 고정금리 | 금리 높은 예금 | 유니온정기예탁금 | 충절로신용협동조합 | 최고 4.21% | 유니온정기예탁금 | 대구대서신용협동조합 | 최고 4.20% | 유니온정기예탁금 | 부산원광신용협동조합 | 최고 4.20% | 더 많은 상품보기 | 편리한 내 금융자산 관리 | 내 신용점수 알아보기 | 잊고 있던 내 보험 찾기 | 계좌 속 숨은 돈 찾기 | 신용 대출 비교하기 | 로그인전체서비스유의사항 | 툴팁 보기 | 예적금 금리정보 | 금융정보는 금융회사 홈페이지 등에 게시된 정보를 기초로 한 참고사항이며, 이는 수시로 변경될 수 있으므로 거래 전 해당 금융회사에 확인 바랍니다. | 최종 업데이트 2026.09.29 | 네이버파이낸셜㈜ 사업자 정보 | 펼치기"
4,하나은행,3·6·9 정기예금,2.45,2.45,1년제,"3백만원 이상 단, 인터넷뱅킹 및 스마트폰뱅킹은 최저 1만원 이상 (원단위)","영업점, 인터넷뱅킹, 스마트폰뱅킹",실명의 개인 또는 개인사업자,,,2.45,2.45,https://pay.naver.com/savings/detail/974f71fbc49acefe7e8a62a57afcf7cd,"네이버페이 | 예적금 | 내 계좌 | 검색 | 전체메뉴 | 3·6·9 정기예금 | 하나은행 | 방문없이가입누구나가입 | 이율 | 최고 | 연 2.45% | 이율 | 기본 | 연 2.45%(12개월,세전) | 전화 문의 | 공식홈에서 더 알아보기 | 상품 안내 | 기간 | 1년제 | 금액 | 3백만원 이상 단, 인터넷뱅킹 및 스마트폰뱅킹은 최저 1만원 이상 (원단위) | 가입방법 | 영업점, 인터넷뱅킹, 스마트폰뱅킹 | 대상 | 실명의 개인 또는 개인사업자 | 더보기 | 금리 안내 | 12개월 만기시 세후수령액 (단리) | 예치금액 | 입력삭제 | 1,000만원 | 최고금리 | 2.45% | 기본금리 | 2.45% | 원금합계 | 10,000,000원 | 세전이자 | +245,000원 | 이자과세(15.4%) | -37,730원 | 세후수령액 | 10,207,270원 | 기간별 금리 | 기본 금리 | 기간 1억원이상 3천만원이상 3백만원이상 | 3개월(중도해지) | 0.950% 0.950% 0.950% | 6개월(중도해지) | 1.050% 1.050% 1.050% | 9개월(중도해지) | 1.150% 1.150% 1.150% | 1년 | 2.450% 2.450% 2.450% | 유형 고정금리 | 금리 높은 예금 | 유니온정기예탁금 | 충절로신용협동조합 | 최고 4.21% | 유니온정기예탁금 | 대구대서신용협동조합 | 최고 4.20% | 유니온정기예탁금 | 부산원광신용협동조합 | 최고 4.20% | 더 많은 상품보기 | 편리한 내 금융자산 관리 | 내 신용점수 알아보기 | 잊고 있던 내 보험 찾기 | 계좌 속 숨은 돈 찾기 | 신용 대출 비교하기 | 로그인전체서비스유의사항 | 툴팁 보기 | 예적금 금리정보 | 금융정보는 금융회사 홈페이지 등에 게시된 정보를 기초로 한 참고사항이며, 이는 수시로 변경될 수 있으므로 거래 전 해당 금융회사에 확인 바랍니다. | 최종 업데이트 2026.09.30 | 네이버파이낸셜㈜ 사업자 정보 | 펼치기"
1,경남은행,The든든예금시즌2,3.85,2.30,"3개월, 6개월, 9개월, 12개월",1백만 ~ 10억원,개인 모바일뱅킹,실명의 개인,,,3.85,2.3,https://pay.naver.com/savings/detail/9b2c0d387e07d6c7751f931ec26b3374,"네이버페이 | 예적금 | 내 계좌 | 검색 | 전체메뉴 | The든든예금시즌2 | 경남은행 | 특판방문없이가입누구나가입 | 이율 | 최고 | 연 3.85% | 이율 | 기본 | 연 2.30%(12개월,세전) | 특판 | (금리) 12개월 기본이율 연 2.30%에 우대이율 및 이벤트 우대이율 최대 연 1.55% 적용시 최고 연 3.85% 금리 제공 | (조건) 우대조건을 충족한 만기해지 계좌에 한하여 우대이율과 이벤트이율 제공 | 판매기간 : 2025.01.02 ~ 2026.12.31 (한도소진 시 조기종료) | 판매한도 : 6조원 | 전화 문의 | 공식홈에서 더 알아보기 | 상품 안내 | 기간 | 3개월, 6개월, 9개월, 12개월 | 금액 | 1백만 ~ 10억원 | 가입방법 | 개인 모바일뱅킹 | 대상 | 실명의 개인 | 더보기 | 금리 안내 | 12개월 만기시 세후수령액 (단리) | 예치금액 | 입력삭제 | 1,000만원 | 최고금리 | 3.85% | 기본금리 | 2.30% | 원금합계 | 10,000,000원 | 세전이자 | +385,000원 | 이자과세(15.4%) | -59,290원 | 세후수령액 | 10,325,710원 | 기간별 금리 | 기본 금리 | 기간 금리 | 3개월 | 2.25% | 6개월 | 2.25% | 9개월 | 2.25% | 12개월 | 2.30% | 조건별 | 우대이율(연, 세전, 최대 1.55%) | ＃우대이율 충족여부 확인하기: 경남은행 모바일뱅킹 앱 → 전체계좌조회 → 거래내역조회 → 예상적용금리 | 1 | 상품가입 시 마케팅동의 및 모바일메세지 수신동의 : 0.05% | 2 | 신규고객 우대 | - 신규고객: 최근 12개월 정기예금 신규 · 해지이력 미보유 | - 신규고객 우대금리 적용 대상은 상품가입 약관 동의 후 우대금리 대상임을 팝업을 통해 안내 : 0.4% | 3 | 이벤트 금리 : 최대 1.10% | - 이 예금 가입 시 우대이율에 이벤트이율을 더하여 적용할 수 있으며, 해당일의 이벤트 이율은 인터넷 홈페이지 또는 영업점에 공시하고 해당이율을 더하여 만기해지 시 지급함 | - 26.08.31 ~ 현재 : 최대 1.10% (3개월: 0.70% / 6,9개월 0.80% / 12개월 1.10%) | ＃ 이벤트이율 변경 이력은 상품페이지 참조 | 유형 고정금리 | 금리 높은 예금 | 유니온정기예탁금 | 충절로신용협동조합 | 최고 4.21% | 유니온정기예탁금 | 대구대서신용협동조합 | 최고 4.20% | 유니온정기예탁금 | 부산원광신용협동조합 | 최고 4.20% | 더 많은 상품보기 | 편리한 내 금융자산 관리 | 내 신용점수 알아보기 | 잊고 있던 내 보험 찾기 | 계좌 속 숨은 돈 찾기 | 신용 대출 비교하기 | 로그인전체서비스유의사항 | 툴팁 보기 | 예적금 금리정보 | 금융정보는 금융회사 홈페이지 등에 게시된 정보를 기초로 한 참고사항이며, 이는 수시로 변경될 수 있으므로 거래 전 해당 금융회사에 확인 바랍니다. | 최종 업데이트 2026.10.01 | 네이버파이낸셜㈜ 사업자 정보 | 펼치기"
5,iM뱅크,플러스정기예금,2.40,2.40,1개월이상 3년이내 (월 또는 일단위),100만원이상,"영업점, 인터넷뱅킹, iM뱅크기업 앱","제한없음 (단, 국가 및 지방자치단체는 제외)",,,2.4,2.4,https://pay.naver.com/savings/detail/9bb72d96705becc827de257da19f8bba,"네이버페이 | 예적금 | 내 계좌 | 검색 | 전체메뉴 | 플러스정기예금 | iM뱅크 | 방문없이가입누구나가입 | 이율 | 최고 | 연 2.40% | 이율 | 기본 | 연 2.40%(12개월,세전) | 전화 문의 | 공식홈에서 더 알아보기 | 상품 안내 | 기간 | 1개월이상 3년이내 (월 또는 일단위) | ※ 단, 월이자지급/원가식은 3개월 이상 | 금액 | 100만원이상 | 가입방법 | 영업점, 인터넷뱅킹, iM뱅크기업 앱 | 대상 | 제한없음 (단, 국가 및 지방자치단체는 제외) | 더보기 | 금리 안내 | 12개월 만기시 세후수령액 (단리) | 예치금액 | 입력삭제 | 1,000만원 | 최고금리 | 2.40% | 기본금리 | 2.40% | 원금합계 | 10,000,000원 | 세전이자 | +240,000원 | 이자과세(15.4%) | -36,960원 | 세후수령액 | 10,203,040원 | 기간별 금리 | 기본 금리 | 기간 만기지급식 기본이자율 만기지급식 연수익율 월이자지급식 기본이자율 월이자지급식 연수익율 | 1개월이상 ~ 3개월미만 | 1.250% | - | 1.250% | - | 3개월이상 ~ 6개월미만 | 1.400% | - | 1.250% | - | 6개월이상 ~ 12개월미만 | 1.900% | - | 1.650% | - | 12개월이상 ~ 24개월미만 | 2.400% 2.400% 2.200% 2.220% | 24개월이상 ~ 36개월미만 | 2.450% 2.420% 2.250% 2.270% | 36개월 | 2.500% 2.440% 2.300% 2.320% | 유형 고정금리 | 금리 높은 예금 | 유니온정기예탁금 | 충절로신용협동조합 | 최고 4.21% | 유니온정기예탁금 | 대구대서신용협동조합 | 최고 4.20% | 유니온정기예탁금 | 부산원광신용협동조합 | 최고 4.20% | 더 많은 상품보기 | 편리한 내 금융자산 관리 | 내 신용점수 알아보기 | 잊고 있던 내 보험 찾기 | 계좌 속 숨은 돈 찾기 | 신용 대출 비교하기 | 로그인전체서비스유의사항 | 툴팁 보기 | 예적금 금리정보 | 금융정보는 금융회사 홈페이지 등에 게시된 정보를 기초로 한 참고사항이며, 이는 수시로 변경될 수 있으므로 거래 전 해당 금융회사에 확인 바랍니다. | 최종 업데이트 2026.09.29 | 네이버파이낸셜㈜ 사업자 정보 | 펼치기"
3,SC제일은행,퍼스트정기예금,3.35,3.25,1개월~5년(월 또는 일 단위로 가입 가능),1백만원 이상,영업점,제한없음,,,3.35,3.25,https://pay.naver.com/savings/detail/9bd9add33d624ba7abababe732aa024b,"네이버페이 | 예적금 | 내 계좌 | 검색 | 전체메뉴 | 퍼스트정기예금 | SC제일은행 | 누구나가입 | 이율 | 최고 | 연 3.35% | 이율 | 기본 | 연 3.25%(12개월,세전) | 전화 문의 | 공식홈에서 더 알아보기 | 상품 안내 | 기간 | 1개월~5년(월 또는 일 단위로 가입 가능) | 금액 | 1백만원 이상 | 가입방법 | 영업점 | 대상 | 제한없음 | 더보기 | 금리 안내 | 12개월 만기시 세후수령액 (단리) | 예치금액 | 입력삭제 | 1,000만원 | 최고금리 | 3.35% | 기본금리 | 3.25% | 원금합계 | 10,000,000원 | 세전이자 | +335,000원 | 이자과세(15.4%) | -51,590원 | 세후수령액 | 10,283,410원 | 기간별 금리 | 기본 금리 | 기간 만기일시지급식(약정 이율) | 1개월 이상 | 2.050% | 3개월 이상 | 2.300% | 6개월 이상 | 2.700% | 9개월 이상 | 3.050% | 1년 이상 | 3.250% | 2년 이상 | 3.550% | 3년 이상 | 3.550% | 4년 ~ 5년 | 3.650% | 1년 초과 5년 까지(변동금리) | 3.250% | 조건별 | 1 | 급여이체 우대이율 : 0.1%(연, 세전) | 가. 우대이율 적용 기준 | - 가입대상 만기 시점을 기준으로 이 예금의 가입 기간 중 월별 급여이체 실적이 5회 이상 있는 경우 | 나. 우대이율 적용 대상 예금 | - 가입기간 : 1년제 | - 이자지급방식 : 만기일시지급식 | 다. 우대이율 적용기준 | - 예금을 만기 해지하는 경우 적용 | - 예금을 중도해지(특별중도해지 포함)하는 경우에는 적용되지 않음 | 유형 고정금리, 변동금리 | 금리 높은 예금 | 유니온정기예탁금 | 충절로신용협동조합 | 최고 4.21% | 유니온정기예탁금 | 대구대서신용협동조합 | 최고 4.20% | 유니온정기예탁금 | 부산원광신용협동조합 | 최고 4.20% | 더 많은 상품보기 | 편리한 내 금융자산 관리 | 내 신용점수 알아보기 | 잊고 있던 내 보험 찾기 | 계좌 속 숨은 돈 찾기 | 신용 대출 비교하기 | 로그인전체서비스유의사항 | 툴팁 보기 | 예적금 금리정보 | 금융정보는 금융회사 홈페이지 등에 게시된 정보를 기초로 한 참고사항이며, 이는 수시로 변경될 수 있으므로 거래 전 해당 금융회사에 확인 바랍니다. | 최종 업데이트 2026.10.01 | 네이버파이낸셜㈜ 사업자 정보 | 펼치기"
2,신한은행,쏠편한 정기예금,3.50,2.55,1개월이상 60개월이하 1일 단위,1만원 부터 제한없음,"인터넷, 모바일",만 14세 이상 개인고객,,,3.5,2.55,https://pay.naver.com/savings/detail/9ca8b48ca8bdc3d7472fcf6a643d6b93,"네이버페이 | 예적금 | 내 계좌 | 검색 | 전체메뉴 | 쏠편한 정기예금 | 신한은행 | 방문없이가입누구나가입 | 이율 | 최고 | 연 3.50% | 이율 | 기본 | 연 2.55%(12개월,세전) | 전화 문의 | 공식홈에서 더 알아보기 | 상품 안내 | 기간 | 1개월이상 60개월이하 1일 단위 | 금액 | 1만원 부터 제한없음 | 가입방법 | 인터넷, 모바일 | 대상 | 만 14세 이상 개인고객 | 더보기 | 금리 안내 | 12개월 만기시 세후수령액 (단리) | 예치금액 | 입력삭제 | 1,000만원 | 최고금리 | 3.50% | 기본금리 | 2.55% | 원금합계 | 10,000,000원 | 세전이자 | +350,000원 | 이자과세(15.4%) | -53,900원 | 세후수령액 | 10,296,100원 | 기간별 금리 | 기본 금리 | 기간 기본이율 온라인가입시 이율 | 1개월이상 | 2.250% 2.500% | 3개월이상 | 2.450% 3.100% | 6개월이상 | 2.500% 3.300% | 9개월이상 | 2.500% 3.300% | 12개월이상 | 2.550% 3.500% | 24개월이상 | 2.600% 3.000% | 36개월이상 | 2.600% 2.600% | 48개월이상 | 2.600% 2.600% | 60개월이상 | 2.600% 2.600% | 유형 고정금리 | 금리 높은 예금 | 유니온정기예탁금 | 충절로신용협동조합 | 최고 4.21% | 유니온정기예탁금 | 대구대서신용협동조합 | 최고 4.20% | 유니온정기예탁금 | 부산원광신용협동조합 | 최고 4.20% | 더 많은 상품보기 | 편리한 내 금융자산 관리 | 내 신용점수 알아보기 | 잊고 있던 내 보험 찾기 | 계좌 속 숨은 돈 찾기 | 신용 대출 비교하기 | 로그인전체서비스유의사항 | 툴팁 보기 | 예적금 금리정보 | 금융정보는 금융회사 홈페이지 등에 게시된 정보를 기초로 한 참고사항이며, 이는 수시로 변경될 수 있으므로 거래 전 해당 금융회사에 확인 바랍니다. | 최종 업데이트 2026.10.01 | 네이버파이낸셜㈜ 사업자 정보 | 펼치기"
3,KB국민은행,KB Star 정기예금,3.50,2.40,1개월 이상 36개월 이하(월 단위),1백만원 이상 (추가입금 불가),"KB스타뱅킹, 인터넷뱅킹, 고객센터",개인 및 개인사업자,,,3.5,2.4,https://pay.naver.com/savings/detail/9d3e1c051d256b06827ab64e689febe7,"네이버페이 | 예적금 | 내 계좌 | 검색 | 전체메뉴 | KB Star 정기예금 | KB국민은행 | 방문없이가입누구나가입 | 이율 | 최고 | 연 3.50% | 이율 | 기본 | 연 2.40%(12개월,세전) | 전화 문의 | 공식홈에서 더 알아보기 | 상품 안내 | 기간 | 1개월 이상 36개월 이하(월 단위) | 금액 | 1백만원 이상 (추가입금 불가) | 가입방법 | KB스타뱅킹, 인터넷뱅킹, 고객센터 | 대상 | 개인 및 개인사업자 | 더보기 | 금리 안내 | 12개월 만기시 세후수령액 (단리) | 예치금액 | 입력삭제 | 1,000만원 | 최고금리 | 3.50% | 기본금리 | 2.40% | 원금합계 | 10,000,000원 | 세전이자 | +350,000원 | 이자과세(15.4%) | -53,900원 | 세후수령액 | 10,296,100원 | 기간별 금리 | 기본 금리 | 기간 기본이율 고객적용이율 | 1개월이상 ~ 3개월미만 | 2.050% 2.500% | 3개월이상 ~ 6개월미만 | 2.250% 2.800% | 6개월이상 ~ 9개월미만 | 2.350% 3.250% | 9개월이상 ~ 12개월미만 | 2.350% 3.250% | 12개월이상 ~ 24개월미만 | 2.400% 3.500% | 24개월이상 ~ 36개월미만 | 2.400% 3.000% | 36개월 | 2.400% 2.600% | 조건별 | 금리우대쿠폰 | 1 | 이 예금의 신규 시 금리우대쿠폰을 적용한 경우 쿠폰 우대금리를 기본이율에 가산 | ※ 금리우대쿠폰 우대금리는 신규 당시 적용한 쿠폰의 우대금리를 따르며, 세부 사항(적용방법, 유의사항 등)은 금리우대쿠폰에서 확인 가능 | ※ 금리우대쿠폰은 신규 시에만 사용 가능하며 재예치 및 중도해지 시 미적용 | 유형 고정금리 | 금리 높은 예금 | 유니온정기예탁금 | 충절로신용협동조합 | 최고 4.21% | 유니온정기예탁금 | 대구대서신용협동조합 | 최고 4.20% | 유니온정기예탁금 | 부산원광신용협동조합 | 최고 4.20% | 더 많은 상품보기 | 편리한 내 금융자산 관리 | 내 신용점수 알아보기 | 잊고 있던 내 보험 찾기 | 계좌 속 숨은 돈 찾기 | 신용 대출 비교하기 | 로그인전체서비스유의사항 | 툴팁 보기 | 예적금 금리정보 | 금융정보는 금융회사 홈페이지 등에 게시된 정보를 기초로 한 참고사항이며, 이는 수시로 변경될 수 있으므로 거래 전 해당 금융회사에 확인 바랍니다. | 최종 업데이트 2026.09.29 | 네이버파이낸셜㈜ 사업자 정보 | 펼치기"
4,신한은행,신한 S드림(DREAM)정기예금,2.55,2.55,1개월 이상 60개월 이하 1일 단위,"300만원 부터 제한없음 (단, 인터넷/모바일을 통한 가입은 최저 50만원부터 제한없음)","인터넷, 영업점",제한없음,,,2.55,2.55,https://pay.naver.com/savings/detail/9ed7a33f29789eb213a48a82058739dc,"네이버페이 | 예적금 | 내 계좌 | 검색 | 전체메뉴 | 신한 S드림(DREAM)정기예금 | 신한은행 | 방문없이가입누구나가입 | 이율 | 최고 | 연 2.55% | 이율 | 기본 | 연 2.55%(12개월,세전) | 전화 문의 | 공식홈에서 더 알아보기 | 상품 안내 | 기간 | 1개월 이상 60개월 이하 1일 단위 | 금액 | 300만원 부터 제한없음 (단, 인터넷/모바일을 통한 가입은 최저 50만원부터 제한없음) | 가입방법 | 인터넷, 영업점 | 대상 | 제한없음 | 더보기 | 금리 안내 | 12개월 만기시 세후수령액 (단리) | 예치금액 | 입력삭제 | 1,000만원 | 최고금리 | 2.55% | 기본금리 | 2.55% | 원금합계 | 10,000,000원 | 세전이자 | +255,000원 | 이자과세(15.4%) | -39,270원 | 세후수령액 | 10,215,730원 | 기간별 금리 | 기본 금리 | 기간 이자지급식 기본이율 이자지급식 온라인가입시 이율 만기일시지급-단리식 기본이율 만기일시지급-단리식 온라인가입시 이율 | 1개월이상 | 2.150% 2.150% 2.250% 2.250% | 3개월이상 | 2.350% 2.350% 2.450% 2.450% | 6개월이상 | 2.400% 2.400% 2.500% 2.500% | 9개월이상 | 2.400% 2.400% 2.500% 2.500% | 12개월이상 | 2.450% 2.450% 2.550% 2.550% | 24개월이상 | 2.500% 2.500% 2.600% 2.600% | 36개월이상 | 2.500% 2.500% 2.600% 2.600% | 48개월이상 | 2.550% 2.550% 2.650% 2.650% | 60개월이상 | 2.600% 2.600% 2.700% 2.700% | 유형 고정금리 | 금리 높은 예금 | 유니온정기예탁금 | 충절로신용협동조합 | 최고 4.21% | 유니온정기예탁금 | 대구대서신용협동조합 | 최고 4.20% | 유니온정기예탁금 | 부산원광신용협동조합 | 최고 4.20% | 더 많은 상품보기 | 편리한 내 금융자산 관리 | 내 신용점수 알아보기 | 잊고 있던 내 보험 찾기 | 계좌 속 숨은 돈 찾기 | 신용 대출 비교하기 | 로그인전체서비스유의사항 | 툴팁 보기 | 예적금 금리정보 | 금융정보는 금융회사 홈페이지 등에 게시된 정보를 기초로 한 참고사항이며, 이는 수시로 변경될 수 있으므로 거래 전 해당 금융회사에 확인 바랍니다. | 최종 업데이트 2026.09.29 | 네이버파이낸셜㈜ 사업자 정보 | 펼치기"
5,하나은행,정기예금,2.20,2.20,"1개월 이상 3년 이하 (연, 월, 일 단위), 4년제, 5년제",1만원이상,영업점,제한없음,,,2.2,2.2,https://pay.naver.com/savings/detail/a754fcd7c541a9ebdf97688e1356f7ce,"네이버페이 | 예적금 | 내 계좌 | 검색 | 전체메뉴 | 정기예금 | 하나은행 | 누구나가입 | 이율 | 최고 | 연 2.20% | 이율 | 기본 | 연 2.20%(12개월,세전) | 전화 문의 | 공식홈에서 더 알아보기 | 상품 안내 | 기간 | 1개월 이상 3년 이하 (연, 월, 일 단위), 4년제, 5년제 | 금액 | 1만원이상 | 가입방법 | 영업점 | 대상 | 제한없음 | 더보기 | 금리 안내 | 12개월 만기시 세후수령액 (단리) | 예치금액 | 입력삭제 | 1,000만원 | 최고금리 | 2.20% | 기본금리 | 2.20% | 원금합계 | 10,000,000원 | 세전이자 | +220,000원 | 이자과세(15.4%) | -33,880원 | 세후수령액 | 10,186,120원 | 기간별 금리 | 기본 금리 | 기간 월이자지급식 만기일시지급식 | 1개월 | 1.850% 1.950% | 3개월 | 1.950% 2.050% | 6개월 | 2.050% 2.150% | 1년 | 2.100% 2.200% | 2년 | 2.100% 2.200% | 3년 | 2.100% 2.200% | 4년 | 2.100% 2.200% | 5년 | 2.100% 2.200% | 유형 고정금리 | 금리 높은 예금 | 유니온정기예탁금 | 충절로신용협동조합 | 최고 4.21% | 유니온정기예탁금 | 대구대서신용협동조합 | 최고 4.20% | 유니온정기예탁금 | 부산원광신용협동조합 | 최고 4.20% | 더 많은 상품보기 | 편리한 내 금융자산 관리 | 내 신용점수 알아보기 | 잊고 있던 내 보험 찾기 | 계좌 속 숨은 돈 찾기 | 신용 대출 비교하기 | 로그인전체서비스유의사항 | 툴팁 보기 | 예적금 금리정보 | 금융정보는 금융회사 홈페이지 등에 게시된 정보를 기초로 한 참고사항이며, 이는 수시로 변경될 수 있으므로 거래 전 해당 금융회사에 확인 바랍니다. | 최종 업데이트 2026.09.30 | 네이버파이낸셜㈜ 사업자 정보 | 펼치기"
1,SC제일은행,SC제일 친환경비움예금,3.83,3.83,12개월,1백만원 이상 - 5억원미만,"영업점, 모바일뱅킹",개인(개인사업자포함),,,3.83,3.83,https://pay.naver.com/savings/detail/a889f848edb145d1b69e375dd09b1744,"네이버페이 | 예적금 | 내 계좌 | 검색 | 전체메뉴 | SC제일 친환경비움예금 | SC제일은행 | 특판방문없이가입누구나가입 | 이율 | 최고 | 연 3.83% | 이율 | 기본 | 연 3.83%(12개월,세전) | 특판 | (금리) 12개월 기본금리 연 3.83% 금리 제공 | (조건) 친환경 활동에 참여하고자 하는 고객을 위한 정기예금으로 통장 발행이 불가함 | 모집한도 : 1천억원 | 전화 문의 | 공식홈에서 더 알아보기 | 상품 안내 | 기간 | 12개월 | 금액 | 1백만원 이상 - 5억원미만 | 가입방법 | 영업점, 모바일뱅킹 | 대상 | 개인(개인사업자포함) | 더보기 | 금리 안내 | 12개월 만기시 세후수령액 (단리) | 예치금액 | 입력삭제 | 1,000만원 | 최고금리 | 3.83% | 기본금리 | 3.83% | 원금합계 | 10,000,000원 | 세전이자 | +383,000원 | 이자과세(15.4%) | -58,982원 | 세후수령액 | 10,324,018원 | 기간별 금리 | 기본 금리 | 기간 만기일시지급식(약정 이율) | 12개월 / 5억원 미만 | 3.830% | 조건별 | 1 | 출시기념, 환경 관련 기념일 관련 금리 이벤트를 시행할 수 있으며, 금리 이벤트에 따라 우대 이율을 적용할 수 있음 | 금리 이벤트에 따른 우대 이율은 이벤트 실시 시작일 현재 은행 영업점 또는 인터넷 홈페이지 등에 게시된 조건에 따름 | 유형 고정금리 | 금리 높은 예금 | 유니온정기예탁금 | 충절로신용협동조합 | 최고 4.21% | 유니온정기예탁금 | 대구대서신용협동조합 | 최고 4.20% | 유니온정기예탁금 | 부산원광신용협동조합 | 최고 4.20% | 더 많은 상품보기 | 편리한 내 금융자산 관리 | 내 신용점수 알아보기 | 잊고 있던 내 보험 찾기 | 계좌 속 숨은 돈 찾기 | 신용 대출 비교하기 | 로그인전체서비스유의사항 | 툴팁 보기 | 예적금 금리정보 | 금융정보는 금융회사 홈페이지 등에 게시된 정보를 기초로 한 참고사항이며, 이는 수시로 변경될 수 있으므로 거래 전 해당 금융회사에 확인 바랍니다. | 최종 업데이트 2026.10.01 | 네이버파이낸셜㈜ 사업자 정보 | 펼치기"
3,SH수협은행,어촌복지예금 (거치식예금),2.80,2.80,만기일시지급식 : 1개월 이상 12개월 이하(월단위 또는 일단위 계약가능),1백만원 이상,영업점,제한없음,,,2.8,2.8,https://pay.naver.com/savings/detail/a897ae3de3789b2a5d4ad77059a1e433,"네이버페이 | 예적금 | 내 계좌 | 검색 | 전체메뉴 | 어촌복지예금 (거치식예금) | SH수협은행 | 누구나가입 | 이율 | 최고 | 연 2.80% | 이율 | 기본 | 연 2.80%(12개월,세전) | 전화 문의 | 공식홈에서 더 알아보기 | 상품 안내 | 기간 | 만기일시지급식 : 1개월 이상 12개월 이하(월단위 또는 일단위 계약가능) | 월이자지급식 : 3개월 이상 12개월 이하(월단위) | 금액 | 1백만원 이상 | 가입방법 | 영업점 | 대상 | 제한없음 | 더보기 | 금리 안내 | 12개월 만기시 세후수령액 (단리) | 예치금액 | 입력삭제 | 1,000만원 | 최고금리 | 2.80% | 기본금리 | 2.80% | 원금합계 | 10,000,000원 | 세전이자 | +280,000원 | 이자과세(15.4%) | -43,120원 | 세후수령액 | 10,236,880원 | 기간별 금리 | 기본 금리 | 기간 월이자지급식(이율) 월이자지급식(연수익율) 만기일시지급식(이율) 만기일시지급식(연수익율) | 1개월이상-3개월미만 | - | - | 2.250% | - | 3개월이상-6개월미만 | 2.150% | - | 2.350% | - | 6개월이상-9개월미만 | 2.350% | - | 2.550% | - | 9개월이상-12개월미만 | 2.350% | - | 2.550% | - | 12개월 | 2.600% 2.630% 2.800% 2.800% | 유형 고정금리 | 금리 높은 예금 | 유니온정기예탁금 | 충절로신용협동조합 | 최고 4.21% | 유니온정기예탁금 | 대구대서신용협동조합 | 최고 4.20% | 유니온정기예탁금 | 부산원광신용협동조합 | 최고 4.20% | 더 많은 상품보기 | 편리한 내 금융자산 관리 | 내 신용점수 알아보기 | 잊고 있던 내 보험 찾기 | 계좌 속 숨은 돈 찾기 | 신용 대출 비교하기 | 로그인전체서비스유의사항 | 툴팁 보기 | 예적금 금리정보 | 금융정보는 금융회사 홈페이지 등에 게시된 정보를 기초로 한 참고사항이며, 이는 수시로 변경될 수 있으므로 거래 전 해당 금융회사에 확인 바랍니다. | 최종 업데이트 2026.09.30 | 네이버파이낸셜㈜ 사업자 정보 | 펼치기"
3,NH농협은행,NH고향사랑기부예금,3.10,2.65,1년(12개월) 가능,"계좌당 1백만원 이상, 1인당 10억원 이내 가입 가능","영업점, 비대면 채널",개인,,,3.1,2.65,https://pay.naver.com/savings/detail/a93398ca648613f2565e973592187f6c,"네이버페이 | 예적금 | 내 계좌 | 검색 | 전체메뉴 | NH고향사랑기부예금 | NH농협은행 | 방문없이가입누구나가입 | 이율 | 최고 | 연 3.10% | 이율 | 기본 | 연 2.65%(12개월,세전) | 전화 문의 | 공식홈에서 더 알아보기 | 상품 안내 | 기간 | 1년(12개월) 가능 | 금액 | 계좌당 1백만원 이상, 1인당 10억원 이내 가입 가능 | 가입방법 | 영업점, 비대면 채널 | 대상 | 개인 | 더보기 | 금리 안내 | 12개월 만기시 세후수령액 (단리) | 예치금액 | 입력삭제 | 1,000만원 | 최고금리 | 3.10% | 기본금리 | 2.65% | 원금합계 | 10,000,000원 | 세전이자 | +310,000원 | 이자과세(15.4%) | -47,740원 | 세후수령액 | 10,262,260원 | 기간별 금리 | 기본 금리 | 기간 만기일시지급식 인터넷가입시기본금리 | 12개월이상 ~ 24개월미만 | 2.650% | 조건별 | 우대금리 최고 0.4%p(우대금리는 우대조건을 충족하는 경우 만기해지 시에 적용) | 1 | 고향사랑기부금을 건당 5만원 이상 납부한 가입자 | * 고향사랑기부금 납부 우대금리 적용 방법 및 증빙서류 제출 방법에 대한 상세내용은 상품페이지 및 상품설명서 참조 : 0.3% | 2 | 상품가입일 기준 만 65세 이상 가입 자 : 0.1% | 3 | 상품가입일 기준 만 19세 이상부터 만 34세 이하 가입자 : 0.1% | 고향사랑 특별금리 | 4 | 가입고객 모두에게 적용 : 0.05% | 유형 고정금리 | 금리 높은 예금 | 유니온정기예탁금 | 충절로신용협동조합 | 최고 4.21% | 유니온정기예탁금 | 대구대서신용협동조합 | 최고 4.20% | 유니온정기예탁금 | 부산원광신용협동조합 | 최고 4.20% | 더 많은 상품보기 | 편리한 내 금융자산 관리 | 내 신용점수 알아보기 | 잊고 있던 내 보험 찾기 | 계좌 속 숨은 돈 찾기 | 신용 대출 비교하기 | 로그인전체서비스유의사항 | 툴팁 보기 | 예적금 금리정보 | 금융정보는 금융회사 홈페이지 등에 게시된 정보를 기초로 한 참고사항이며, 이는 수시로 변경될 수 있으므로 거래 전 해당 금융회사에 확인 바랍니다. | 최종 업데이트 2026.09.30 | 네이버파이낸셜㈜ 사업자 정보 | 펼치기"
5,하나은행,고단위 플러스(금리연동형),2.30,2.30,1개월 연동형 : 1년제,"인터넷뱅킹, 스마트폰 뱅킹 : 1만원 이상(원단위)","영업점, 인터넷뱅킹, 스마트폰뱅킹",제한없음,,,2.3,2.3,https://pay.naver.com/savings/detail/aa1f0585d8311a3ad76e5233fc2f5476,"네이버페이 | 예적금 | 내 계좌 | 검색 | 전체메뉴 | 고단위 플러스(금리연동형) | 하나은행 | 방문없이가입누구나가입 | 이율 | 최고 | 연 2.30% | 이율 | 기본 | 연 2.30%(12개월,세전) | 전화 문의 | 공식홈에서 더 알아보기 | 상품 안내 | 기간 | 1개월 연동형 : 1년제 | 3, 6개월 연동형 : 1, 2, 3, 5년제 | 1년 연동형 : 5년제(법인고객 신규 일시중단) | 금액 | 인터넷뱅킹, 스마트폰 뱅킹 : 1만원 이상(원단위) | 영업점 : 1천만원 이상(원단위) | 가입방법 | 영업점, 인터넷뱅킹, 스마트폰뱅킹 | 대상 | 제한없음 | 더보기 | 금리 안내 | 기간별 금리 | 기본 금리 | 기간 월이자지급식(개인) 만기일시지급식(개인) | 1개월 연동형 | 1.950% 2.050% | 3개월 연동형 | 2.050% 2.150% | 6개월 연동형 | 2.150% 2.250% | 1년 연동형 | 2.200% 2.300% | 유형 변동금리 | 금리 높은 예금 | 유니온정기예탁금 | 충절로신용협동조합 | 최고 4.21% | 유니온정기예탁금 | 대구대서신용협동조합 | 최고 4.20% | 유니온정기예탁금 | 부산원광신용협동조합 | 최고 4.20% | 더 많은 상품보기 | 편리한 내 금융자산 관리 | 내 신용점수 알아보기 | 잊고 있던 내 보험 찾기 | 계좌 속 숨은 돈 찾기 | 신용 대출 비교하기 | 로그인전체서비스유의사항 | 툴팁 보기 | 예적금 금리정보 | 금융정보는 금융회사 홈페이지 등에 게시된 정보를 기초로 한 참고사항이며, 이는 수시로 변경될 수 있으므로 거래 전 해당 금융회사에 확인 바랍니다. | 최종 업데이트 2026.09.30 | 네이버파이낸셜㈜ 사업자 정보 | 펼치기"
1,광주은행,KJB주거래우대예금,3.88,3.38,6개월 이상 36개월 이내 (월단위),1백만원 이상 (원단위) 고객당 5억원 이하 (원금 기준),"영업점, 인터넷뱅킹, 스마트뱅킹, 모바일웹뱅킹",실명의 개인,,,3.88,3.38,https://pay.naver.com/savings/detail/ab8fb26e944f1bb9e7106881ab0609fc,"네이버페이 | 예적금 | 내 계좌 | 검색 | 전체메뉴 | KJB주거래우대예금 | 광주은행 | 방문없이가입누구나가입 | 이율 | 최고 | 연 3.88% | 이율 | 기본 | 연 3.38%(12개월,세전) | 전화 문의 | 공식홈에서 더 알아보기 | 상품 안내 | 기간 | 6개월 이상 36개월 이내 (월단위) | 금액 | 1백만원 이상 (원단위) 고객당 5억원 이하 (원금 기준) | 가입방법 | 영업점, 인터넷뱅킹, 스마트뱅킹, 모바일웹뱅킹 | 대상 | 실명의 개인 | 더보기 | 금리 안내 | 12개월 만기시 세후수령액 (단리) | 예치금액 | 입력삭제 | 1,000만원 | 최고금리 | 3.88% | 기본금리 | 3.38% | 원금합계 | 10,000,000원 | 세전이자 | +388,000원 | 이자과세(15.4%) | -59,752원 | 세후수령액 | 10,328,248원 | 기간별 금리 | 기본 금리 | 기간 금리 | 6개월 이상~12개월 미만 | 3.050% | 12개월 이상~24개월 미만 | 3.380% | 24개월 이상~36개월 미만 | 3.210% | 36개월 | 3.070% | 조건별 | 이 예금은 아래의 조건을 충족하는 만기해지계좌에 대하여 최고 연 0.50%p의 우대금리를 제공합니다. | 1 | 요구불계좌* 평균잔액 1백만원 이상 우대금리 | - 이 예금 가입한 날을 기준으로 가입기간에 해당하는 과거연도 해당 월이 속하는 달의 초일부터 예금 신규일 전 전월말 기준 평균잔액이 1백만원 이상인 경우 | * 당행 본인 명의의 입출금이 자유로운 예금으로 대상예금은 보통예금, 저축예금, 기업 자유예금, 당좌예금, 가계당좌예금에 한하며, 가계·기업 황금보너스예금(MMDA)은 제외함 : 0.1% | 2 | 교차거래 우대금리 | - 이 예금 가입일 기준 당행 정기적금 정액적립식 계좌를 보유하고 있는 경우 : 0.1% | 3 | 결제성 계좌(급여, 연금, 가맹점 카드매출대금)* 입금실적 우대금리 | - 이 예금 가입한 다음 달 1일부터 만기일 전 전월 말까지 당행 요구불계좌에 급여, 연금, 가맹점 카드매출대금이 매월 1건 이상 입금실적이 있는 경우. | 단, 현금 입금거래 및 본인 명의 계좌에서 이체되는 건은 제외됨. | * - 급여 : 급여성 문구(급여, 상여, 성과, 수당, 급료, 월급, 봉급 등)로 입금 | - 연금 : 4대 연금(국민연금, 공무원연금, 사학연금, 군인연금) 입금 | - 가맹점 카드매출대금 : 8개(BC, 신한, 삼성, NH, 현대, 하나, KB, 롯데카드) 카드사 中 1개 카드사 이상 적요로 입금 : 0.1% | 4 | 신용(체크)카드 이용 실적 3백만원 이상 우대금리 | - 예금 가입일부터 만기일 전 전월말까지 당행 신용(체크)카드 이용액(매입기준, 가족회원 사용금액 포함) 3백만원 이상인 경우 : 0.1% | 5 | 출산 축하 우대금리 | - 이 예금 가입 기간 중 본인 및 배우자가 출산하여 만기일 전일까지 관련 증빙자료를 은행에 제출한 경우 : 0.1% | 유형 고정금리 | 금리 높은 예금 | 유니온정기예탁금 | 충절로신용협동조합 | 최고 4.21% | 유니온정기예탁금 | 대구대서신용협동조합 | 최고 4.20% | 유니온정기예탁금 | 부산원광신용협동조합 | 최고 4.20% | 더 많은 상품보기 | 편리한 내 금융자산 관리 | 내 신용점수 알아보기 | 잊고 있던 내 보험 찾기 | 계좌 속 숨은 돈 찾기 | 신용 대출 비교하기 | 로그인전체서비스유의사항 | 툴팁 보기 | 예적금 금리정보 | 금융정보는 금융회사 홈페이지 등에 게시된 정보를 기초로 한 참고사항이며, 이는 수시로 변경될 수 있으므로 거래 전 해당 금융회사에 확인 바랍니다. | 최종 업데이트 2026.10.01 | 네이버파이낸셜㈜ 사업자 정보 | 펼치기"
3,NH농협은행,NH내가Green초록세상예금,3.05,2.65,1년 이상 ~ 3년이하(월단위),100만원 이상,"영업점, 비대면 채널",개인(1인 1계좌),,,3.05,2.65,https://pay.naver.com/savings/detail/aba15bd99f8e4972c6506b0fd2b75d77,"네이버페이 | 예적금 | 내 계좌 | 검색 | 전체메뉴 | NH내가Green초록세상예금 | NH농협은행 | 방문없이가입누구나가입 | 이율 | 최고 | 연 3.05% | 이율 | 기본 | 연 2.65%(12개월,세전) | 전화 문의 | 공식홈에서 더 알아보기 | 상품 안내 | 기간 | 1년 이상 ~ 3년이하(월단위) | ※ 계약기간 변경 불가 | 금액 | 100만원 이상 | 가입방법 | 영업점, 비대면 채널 | 대상 | 개인(1인 1계좌) | 더보기 | 금리 안내 | 12개월 만기시 세후수령액 (단리) | 예치금액 | 입력삭제 | 1,000만원 | 최고금리 | 3.05% | 기본금리 | 2.65% | 원금합계 | 10,000,000원 | 세전이자 | +305,000원 | 이자과세(15.4%) | -46,970원 | 세후수령액 | 10,258,030원 | 기간별 금리 | 기본 금리 | 기간 만기일시지급식 인터넷가입시기본금리 이자지급식 인터넷가입시기본금리 | 12개월이상 ~ 24개월미만 | 2.650% 2.550% | 24개월이상 ~ 36개월미만 | 2.600% 2.500% | 36개월 | 2.550% 2.450% | 조건별 | 우대금리 최대 연 0.4%p | • 우대조건을 충족하고 만기해지 시 기본이자율에 가산하여 우대이자율 적용 | 1 | 온실가스 줄이기 실천 서약서 제출 | * 탄소포인트제 동참 등 친환경 활동 목록이 제시된 서약서에 동의 : 0.1% | 2 | 통장 미발급 | * 가입시점 통장 미발급 선택 시 우대금리적용 및 만기까지 통장 발급불가 : 0.1% | 3 | 손하나로인증 서비스 등록 | * 만기전전월말 기준 손하나로인증 서비스가 등록되어 있는 경우 : 0.1% | 4 | 적금과 예금 동시보유 | * 이 예금의 만기시점에 「NH내가Green초록세상적금」의 유효계좌를 보유하거나 이 예금의 가입기간동안 「NH내가Green초록세상적금」의 만기해지내역이 있는 경우 : 0.1% | 유형 고정금리 | 금리 높은 예금 | 유니온정기예탁금 | 충절로신용협동조합 | 최고 4.21% | 유니온정기예탁금 | 대구대서신용협동조합 | 최고 4.20% | 유니온정기예탁금 | 부산원광신용협동조합 | 최고 4.20% | 더 많은 상품보기 | 편리한 내 금융자산 관리 | 내 신용점수 알아보기 | 잊고 있던 내 보험 찾기 | 계좌 속 숨은 돈 찾기 | 신용 대출 비교하기 | 로그인전체서비스유의사항 | 툴팁 보기 | 예적금 금리정보 | 금융정보는 금융회사 홈페이지 등에 게시된 정보를 기초로 한 참고사항이며, 이는 수시로 변경될 수 있으므로 거래 전 해당 금융회사에 확인 바랍니다. | 최종 업데이트 2026.09.30 | 네이버파이낸셜㈜ 사업자 정보 | 펼치기"
3,SH수협은행,사랑해정기예금(실세금리정기예금),2.80,2.80,만기일시지급식 : 1개월 이상 12개월 이하(월단위 또는 일단위 계약가능),1백만원 이상,"영업점, 인터넷, 스마트폰",제한없음,,,2.8,2.8,https://pay.naver.com/savings/detail/ad1d9eff03b0ffafaa42600d4a8b9290,"네이버페이 | 예적금 | 내 계좌 | 검색 | 전체메뉴 | 사랑해정기예금(실세금리정기예금) | SH수협은행 | 방문없이가입누구나가입 | 이율 | 최고 | 연 2.80% | 이율 | 기본 | 연 2.80%(12개월,세전) | 전화 문의 | 공식홈에서 더 알아보기 | 상품 안내 | 기간 | 만기일시지급식 : 1개월 이상 12개월 이하(월단위 또는 일단위 계약가능) | 월이자지급식 : 3개월 이상 12개월 이하(월단위) | 금액 | 1백만원 이상 | 가입방법 | 영업점, 인터넷, 스마트폰 | 대상 | 제한없음 | 더보기 | 금리 안내 | 12개월 만기시 세후수령액 (단리) | 예치금액 | 입력삭제 | 1,000만원 | 최고금리 | 2.80% | 기본금리 | 2.80% | 원금합계 | 10,000,000원 | 세전이자 | +280,000원 | 이자과세(15.4%) | -43,120원 | 세후수령액 | 10,236,880원 | 기간별 금리 | 기본 금리 | 기간 월이자지급식(이율) 월이자지급식(연수익율) 만기일시지급식(이율) 만기일시지급식(연수익율) | 1개월이상-3개월미만 | - | - | 2.250% | - | 3개월이상-6개월미만 | 2.150% | - | 2.350% | - | 6개월이상-9개월미만 | 2.350% | - | 2.550% | - | 9개월이상-12개월미만 | 2.350% | - | 2.550% | - | 12개월 | 2.600% 2.630% 2.800% 2.800% | 유형 고정금리 | 금리 높은 예금 | 유니온정기예탁금 | 충절로신용협동조합 | 최고 4.21% | 유니온정기예탁금 | 대구대서신용협동조합 | 최고 4.20% | 유니온정기예탁금 | 부산원광신용협동조합 | 최고 4.20% | 더 많은 상품보기 | 편리한 내 금융자산 관리 | 내 신용점수 알아보기 | 잊고 있던 내 보험 찾기 | 계좌 속 숨은 돈 찾기 | 신용 대출 비교하기 | 로그인전체서비스유의사항 | 툴팁 보기 | 예적금 금리정보 | 금융정보는 금융회사 홈페이지 등에 게시된 정보를 기초로 한 참고사항이며, 이는 수시로 변경될 수 있으므로 거래 전 해당 금융회사에 확인 바랍니다. | 최종 업데이트 2026.09.30 | 네이버파이낸셜㈜ 사업자 정보 | 펼치기"
4,부산은행,메리트정기예금,2.70,2.70,1개월 ~ 12개월,5백만원 이상 (인터넷 사이버 통장 연결계좌로 개설시 1백만원 이상),"영업점, 인터넷뱅킹(개인), 인터넷뱅킹(기업), 디지털데스크",제한없음,,,2.7,2.7,https://pay.naver.com/savings/detail/ad49af74a87ebd1085136ea0fe9d3890,"네이버페이 | 예적금 | 내 계좌 | 검색 | 전체메뉴 | 메리트정기예금 | 부산은행 | 방문없이가입누구나가입 | 이율 | 최고 | 연 2.70% | 이율 | 기본 | 연 2.70%(12개월,세전) | 전화 문의 | 공식홈에서 더 알아보기 | 상품 안내 | 기간 | 1개월 ~ 12개월 | 금액 | 5백만원 이상 (인터넷 사이버 통장 연결계좌로 개설시 1백만원 이상) | 가입방법 | 영업점, 인터넷뱅킹(개인), 인터넷뱅킹(기업), 디지털데스크 | 대상 | 제한없음 | 더보기 | 금리 안내 | 12개월 만기시 세후수령액 (단리) | 예치금액 | 입력삭제 | 1,000만원 | 최고금리 | 2.70% | 기본금리 | 2.70% | 원금합계 | 10,000,000원 | 세전이자 | +270,000원 | 이자과세(15.4%) | -41,580원 | 세후수령액 | 10,228,420원 | 기간별 금리 | 기본 금리 | 기간 만기일시지급식(연이율) 월이자지급식(연이율) 만기일시지급식(연수익률) 월이자지급식(연수익률) | 1개월이상 3개월미만 | 2.300% 2.200% 2.320% 2.220% | 3개월이상 6개월미만 | 2.500% 2.400% 2.520% 2.420% | 6개월이상 1년미만 | 2.600% 2.500% 2.610% 2.510% | 1년제 | 2.700% 2.600% 2.700% 2.600% | 유형 고정금리 | 금리 높은 예금 | 유니온정기예탁금 | 충절로신용협동조합 | 최고 4.21% | 유니온정기예탁금 | 대구대서신용협동조합 | 최고 4.20% | 유니온정기예탁금 | 부산원광신용협동조합 | 최고 4.20% | 더 많은 상품보기 | 편리한 내 금융자산 관리 | 내 신용점수 알아보기 | 잊고 있던 내 보험 찾기 | 계좌 속 숨은 돈 찾기 | 신용 대출 비교하기 | 로그인전체서비스유의사항 | 툴팁 보기 | 예적금 금리정보 | 금융정보는 금융회사 홈페이지 등에 게시된 정보를 기초로 한 참고사항이며, 이는 수시로 변경될 수 있으므로 거래 전 해당 금융회사에 확인 바랍니다. | 최종 업데이트 2026.09.28 | 네이버파이낸셜㈜ 사업자 정보 | 펼치기"
1,SH수협은행,Sh첫만남우대예금,3.91,2.86,1년,"100만원이상 3,000만원이하","비대면(인터넷뱅킹, 스마트폰뱅킹)",실명의 개인(1인 1계좌),,,3.91,2.86,https://pay.naver.com/savings/detail/ad8c6895fdfa41f3b7a384f9abc78ab8,"네이버페이 | 예적금 | 내 계좌 | 검색 | 전체메뉴 | Sh첫만남우대예금 | SH수협은행 | 방문없이가입누구나가입 | 이율 | 최고 | 연 3.91% | 이율 | 기본 | 연 2.86%(12개월,세전) | 전화 문의 | 공식홈에서 더 알아보기 | 상품 안내 | 기간 | 1년 | 금액 | 100만원이상 3,000만원이하 | 가입방법 | 비대면(인터넷뱅킹, 스마트폰뱅킹) | 대상 | 실명의 개인(1인 1계좌) | 더보기 | 금리 안내 | 12개월 만기시 세후수령액 (단리) | 예치금액 | 입력삭제 | 1,000만원 | 최고금리 | 3.91% | 기본금리 | 2.86% | 원금합계 | 10,000,000원 | 세전이자 | +391,000원 | 이자과세(15.4%) | -60,214원 | 세후수령액 | 10,330,786원 | 기간별 금리 | 기본 금리 | 기간 금리 | 12개월 | 2.860% | 조건별 | 아래 항목을 모두 충족하는 경우, 최대 연1.05%p의 우대금리를 만기해지시 제공 | 1 | 수협은행 예·적금(입출금이 자유로운예금 제외) 첫거래 고객(신규시 확정) | - 최근 1년간 수협은행 예·적금 활동계좌 미보유고객 포함* | * 이 예금 가입 기준 1년전부터 가입 전전월 말일까지 수협은행 예·적금(입출금이 자유로운 예금 제외) 계좌를 보유하고 있지 않은 고객 : 1% | 2 | 개인(신용)정보 수집‧이용 동의서(상품서비스 안내 등)내 상품서비스 안내수단 전체 동의한 경우(신규시 확정) : 0.05% | 3 | 이 예금 신규일부터 만기 전일까지 당행 ‘스마트폰뱅킹의 상품 알리기’를 통해 이 상품 추천 시(만기해지시 확정) : 0.8% | 유형 고정금리 | 금리 높은 예금 | 유니온정기예탁금 | 충절로신용협동조합 | 최고 4.21% | 유니온정기예탁금 | 대구대서신용협동조합 | 최고 4.20% | 유니온정기예탁금 | 부산원광신용협동조합 | 최고 4.20% | 더 많은 상품보기 | 편리한 내 금융자산 관리 | 내 신용점수 알아보기 | 잊고 있던 내 보험 찾기 | 계좌 속 숨은 돈 찾기 | 신용 대출 비교하기 | 로그인전체서비스유의사항 | 툴팁 보기 | 예적금 금리정보 | 금융정보는 금융회사 홈페이지 등에 게시된 정보를 기초로 한 참고사항이며, 이는 수시로 변경될 수 있으므로 거래 전 해당 금융회사에 확인 바랍니다. | 최종 업데이트 2026.09.30 | 네이버파이낸셜㈜ 사업자 정보 | 펼치기"
2,부산은행,BNK내맘대로예금,3.60,2.20,1개월 이상 60개월 이하 (일 단위),1백만원 이상 (원 단위),"영업점, 인터넷뱅킹(개인), 인터넷뱅킹(기업), 모바일뱅킹(개인), 모바일뱅킹(기업), 디지털데스크","제한없음 (단, 금융기관 및 시금고 등은 대상에서 제외)",,,3.6,2.2,https://pay.naver.com/savings/detail/ae769b09c9f7aac923783e1175130d30,"네이버페이 | 예적금 | 내 계좌 | 검색 | 전체메뉴 | BNK내맘대로예금 | 부산은행 | 특판방문없이가입누구나가입 | 이율 | 최고 | 연 3.60% | 이율 | 기본 | 연 2.20%(12개월,세전) | 특판 | (금리) 12개월 기본이율 연 2.20%에 특판 우대금리 1.20%, 상품우대이율 최대 0.20% 적용 시 최대 연 3.60% 금리제공 | (조건) 특판 조건 및 상품우대이율 충족 시 우대금리 제공 | ※ 가입기간 12개월,18개월,24개월(해당기간외 특판 우대이율 미적용) | 2026.09.01 ~ 한도(1조)소진 시 까지 | ☞ 단, 최대 2026.12.31까지 | ☞ 단, 가입기간별 판매한도 차등운영 | (12개월·18개월 9천억원 및 24개월 1천억원) | 전화 문의 | 공식홈에서 더 알아보기 | 상품 안내 | 기간 | 1개월 이상 60개월 이하 (일 단위) | 금액 | 1백만원 이상 (원 단위) | 가입방법 | 영업점, 인터넷뱅킹(개인), 인터넷뱅킹(기업), 모바일뱅킹(개인), 모바일뱅킹(기업), 디지털데스크 | 대상 | 제한없음 (단, 금융기관 및 시금고 등은 대상에서 제외) | 더보기 | 금리 안내 | 12개월 만기시 세후수령액 (단리) | 예치금액 | 입력삭제 | 1,000만원 | 최고금리 | 3.60% | 기본금리 | 2.20% | 원금합계 | 10,000,000원 | 세전이자 | +360,000원 | 이자과세(15.4%) | -55,440원 | 세후수령액 | 10,304,560원 | 기간별 금리 | 기본 금리 | 기간 만기일시지급식(연이율) 만기일시지급식(연수익률) 월이자지급식(연이율) 월이자지급식(연수익률) | 1개월 이상 ~ 3개월 미만 | 1.500% 1.510% 1.50% 1.51% | 3개월 이상 ~ 6개월 미만 | 2.250% 2.270% 2.10% 2.12% | 6개월 이상 ~ 12개월 미만 | 2.250% 2.260% 2.15% 2.16% | 12개월 이상 ~ 18개월 미만 | 2.200% 2.200% 2.20% 2.20% | 18개월 이상 ~ 24개월 미만 | 1.700% 1.690% 1.70% 1.69% | 24개월 이상 ~ 30개월 미만 | 1.700% 1.680% 1.70% 1.69% | 30개월 이상 ~ 36개월 미만 | 1.800% 1.770% 1.70% 1.68% | 36개월 이상 ~ 48개월 미만 | 1.800% 1.750% 1.70% 1.67% | 48개월 이상 ~ 60개월 미만 | 1.800% 1.740% 1.70% 1.66% | 60개월 | 1.800% 1.740% 1.70% 1.65% | 조건별 | 이 예금의 우대이율은 신규시 적용 우대이율과 해지시 적용 우대이율이 있으며, 해지시 적용 우대이율은 가입 고객별로 아래의 5가지 우대이율 항목 중 3가지를 자유롭게 선택할 수 있으며, 선택한 우대이율 항목 3가지는 만기 전일까지 자유롭게 변경이 가능합니다. (최대 0.20%p) | ※ 이 상품의 우대이율은 모두 만기해지시에 적용되며, 가입기간 6개월 미만 가입시와 중도해지시에는 적용되지 않습니다. | ※ 이 상품의 우대이율은 주거래 우대이율 등 다른 규정에서 정한 우대이율과 중복 적용은 불가합니다. | 1 | 신규시 적용 우대이율 : 신규 가입 채널에 따라 구분 적용되며, 변경이 불가합니다. | (1) 비대면 채널 가입 또는 상품서비스안내 동의서 징구 우대이율 : 0.05%p | - 비대면 채널을 통해 이 예금을 가입하거나, 신규시 영업점 창구에서 상품서비스안내 동의서 징구 후 신규하는 경우 적용 | - 비대면 채널 가입 우대이율과 상품서비스안내 동의서 징구 우대이율은 서로 중복하여 적용이 불가하며 신규 가입 시점에 우대이율이 적용되어 중도 변경이 불가 : 0.05% | 2 | 해지시 적용 우대이율 : 가입 고객별로 아래 5가지 우대이율 항목 중 3가지를 자유롭게 선택할 수 있으며, 신규 가입시 선택한 우대이율 항목 3가지는 만기 전일까지 자유롭게 변경이 가능합니다. | (1) 입출금 평잔 우대이율 : 0.05%p | - (개인) 보유한 입출금통장의 월 평균 잔액이 50만원 이상인 횟수가 가입월수의 1/2 이상인 경우 적용 | - (개인 외) 보유한 입출금통장의 월 평균 잔액이 5백만원 이상인 횟수가 가입월수의 1/2 이상인 경우 적용 | - 만기월은 평가제외 | (2) 대출 실적 우대이율 : 0.05%p | - (개인) 이 예금 가입기간 중 신규대출 취급 실적이 존재하는 경우 적용 | - (개인 외) 이 예금 가입기간 중 신규대출 취급 실적이 누적 1억원 이상인 경우 적용 | (3) 외환 실적 우대이율 : 0.05%p | - (개인) 이 예금 가입기간 중 외화송금, 환전 누적 실적이 미화 1천불 이상인 경우 적용 | - (개인 외) 이 예금 가입기간 중 외화송금, 환전, 수출입 누적 실적이 미화 1만불 이상인 경우 적용 | (4) 신용(체크)카드 실적 우대이율 : 0.05%p | - (개인) 이 예금 가입기간 중 신용(체크)카드 누적 이용금액이 50만원 이상인 경우 적용 | - (개인 외) 이 예금 가입기간 중 신용(체크)카드 누적 이용금액이 5백만원 이상인 경우 적용 | (5) 적금 적립 금액 우대이율 : 0.05%p | - (개인) 이 예금 가입기간 중 부산은행 적금 적립 금액이 1백만원 이상인 경우 적용 | - (개인 외) 이 예금 가입기간 중 부산은행 적금 적립 금액이 5백만원 이상인 경우 적용 | - 이 예금 신규 가입일 이전에 가입한 부산은행 적금 계좌의 이 예금 가입기간 중 적립 금액도 인정 | BNK내맘대로예금(만기일시지급식) 특판 | 3 | 가입대상 : 제한없음 (단, 금융기관 및 별도 협약 시금고는 대상 제외) | 특판상품 : BNK내맘대로예금(만기일시지급식) | 거래방법 : | - 신규 : 영업점, 인터넷뱅킹, (개인)모바일뱅킹, 디지털데스크 | - 해지 : 영업점, 인터넷뱅킹, (개인)모바일뱅킹, 디지털데스크 | 가입기간 : 12개월,18개월,24개월(해당기간외 특판 우대이율 미적용) | 가입금액 : 1백만원이상(원 단위) | 가입한도 : 1인 5억원한도 (12개월,18개월,24개월 특판 누적 가입금액 합산)* | * 총 누적가입한도 5억원 초과시 기본이율적용만 가능합니다 | - 누적 4억5천만원 신규 후 5천만원 신규시 5천만원특판적용가능 | - 누적 4억5천만원 신규 후 6천만원 신규시 6천만원특판적용불가 | (특판한도 초과, 기본이율적용) | - 2억원(특판적용) 2억5천만원(특판적용) 신규, 6천만원 신규(특판한도초과로 특판미적용) 후 기존 특판 2억 중도해지 시 이 후 가입예금은 3억원 이내 특판적용가능, 단 특판미적용으로 기 가입된 6천만원은 특판적용 불가 | 특판최대이율 | [12개월] | ▣ 최저 연 3.40%~ 최대 연3.60% (특판금리 반영시) | (기본금리 2.20% + 특판 우대금리 1.20% + 상품우대이율 최대 0.20%) | [18개월] | ▣ 최저 연 3.45%~ 최대 연3.65% (특판금리 반영시) | (기본금리 1.70% + 특판 우대금리 1.75% + 상품우대이율 최대 0.20%) | [24개월] | ▣ 최저 연 3.50%~ 최대 연3.70% (특판금리 반영시) | (기본금리 1.70% + 특판 우대금리 1.80% + 상품우대이율 최대 0.20%) | ☞ 특판 우대금리는 만기해지시 적용 및 확인가능 | ☞ 상품 우대이율 0.20%는 우대항목 달성시 적용 | 유형 고정금리 | 금리 높은 예금 | 유니온정기예탁금 | 충절로신용협동조합 | 최고 4.21% | 유니온정기예탁금 | 대구대서신용협동조합 | 최고 4.20% | 유니온정기예탁금 | 부산원광신용협동조합 | 최고 4.20% | 더 많은 상품보기 | 편리한 내 금융자산 관리 | 내 신용점수 알아보기 | 잊고 있던 내 보험 찾기 | 계좌 속 숨은 돈 찾기 | 신용 대출 비교하기 | 로그인전체서비스유의사항 | 툴팁 보기 | 예적금 금리정보 | 금융정보는 금융회사 홈페이지 등에 게시된 정보를 기초로 한 참고사항이며, 이는 수시로 변경될 수 있으므로 거래 전 해당 금융회사에 확인 바랍니다. | 최종 업데이트 2026.09.28 | 네이버파이낸셜㈜ 사업자 정보 | 펼치기"
2,NH농협은행,NH올원e예금,3.55,3.55,1개월 이상 36개월 이내 (월 단위),10만원 이상 최대 10억원 이하로 가입 가능,"비대면채널, NH링크",개인,,,3.55,3.55,https://pay.naver.com/savings/detail/b05a63c96864cbfa2afb8a09958a343f,"네이버페이 | 예적금 | 내 계좌 | 검색 | 전체메뉴 | NH올원e예금 | NH농협은행 | 방문없이가입누구나가입 | 이율 | 최고 | 연 3.55% | 이율 | 기본 | 연 3.55%(12개월,세전) | 전화 문의 | 공식홈에서 더 알아보기 | 상품 안내 | 기간 | 1개월 이상 36개월 이내 (월 단위) | ※ 계약기간 변경 불가 | 금액 | 10만원 이상 최대 10억원 이하로 가입 가능 | 가입방법 | 비대면채널, NH링크 | 대상 | 개인 | 더보기 | 금리 안내 | 12개월 만기시 세후수령액 (단리) | 예치금액 | 입력삭제 | 1,000만원 | 최고금리 | 3.55% | 기본금리 | 3.55% | 원금합계 | 10,000,000원 | 세전이자 | +355,000원 | 이자과세(15.4%) | -54,670원 | 세후수령액 | 10,300,330원 | 기간별 금리 | 기본 금리 | 기간 만기일시지급식 인터넷가입시기본금리 이자지급식 인터넷가입시기본금리 | 1개월이상 ~ 3개월미만 | 2.500% 2.400% | 3개월이상 ~ 6개월미만 | 2.800% 2.700% | 6개월이상 ~ 12개월미만 | 3.350% 3.250% | 12개월이상 ~ 24개월미만 | 3.550% 3.450% | 24개월이상 ~ 36개월미만 | 3.000% 2.900% | 36개월이상 | 2.700% 2.600% | 조건별 | 1 | 당행 또는 제휴사 이벤트를 진행하여 금리우대쿠폰 등 추가 우대금리를 제공하는 경우 해당 금리를 더하여 만기해지 시 일시 지급합니다. | 유형 고정금리 | 금리 높은 예금 | 유니온정기예탁금 | 충절로신용협동조합 | 최고 4.21% | 유니온정기예탁금 | 대구대서신용협동조합 | 최고 4.20% | 유니온정기예탁금 | 부산원광신용협동조합 | 최고 4.20% | 더 많은 상품보기 | 편리한 내 금융자산 관리 | 내 신용점수 알아보기 | 잊고 있던 내 보험 찾기 | 계좌 속 숨은 돈 찾기 | 신용 대출 비교하기 | 로그인전체서비스유의사항 | 툴팁 보기 | 예적금 금리정보 | 금융정보는 금융회사 홈페이지 등에 게시된 정보를 기초로 한 참고사항이며, 이는 수시로 변경될 수 있으므로 거래 전 해당 금융회사에 확인 바랍니다. | 최종 업데이트 2026.09.30 | 네이버파이낸셜㈜ 사업자 정보 | 펼치기"
5,전북은행,시장금리부 정기예금,2.30,2.10,1개월 이상 36개월 범위 내에서 월단위 또는 일단위,300만원 이상,영업점,국가 및 지방자치단체를 제외하고 제한없이 가입,,,2.3,2.1,https://pay.naver.com/savings/detail/b22a9097e71102b9e920e2891d35c589,"네이버페이 | 예적금 | 내 계좌 | 검색 | 전체메뉴 | 시장금리부 정기예금 | 전북은행 | 누구나가입 | 이율 | 최고 | 연 2.30% | 이율 | 기본 | 연 2.10%(12개월,세전) | 전화 문의 | 공식홈에서 더 알아보기 | 상품 안내 | 기간 | 1개월 이상 36개월 범위 내에서 월단위 또는 일단위 | 금액 | 300만원 이상 | 가입방법 | 영업점 | 대상 | 국가 및 지방자치단체를 제외하고 제한없이 가입 | 더보기 | 금리 안내 | 12개월 만기시 세후수령액 (단리) | 예치금액 | 입력삭제 | 1,000만원 | 최고금리 | 2.30% | 기본금리 | 2.10% | 원금합계 | 10,000,000원 | 세전이자 | +230,000원 | 이자과세(15.4%) | -35,420원 | 세후수령액 | 10,194,580원 | 기간별 금리 | 기본 금리 | 기간 금리 | 1개월이상 3개월 미만 | 1.600% | 3개월이상 6개월 미만 | 1.800% | 6개월이상 1년 미만 | 1.900% | 1년이상 2년 미만 | 2.100% | 2년이상 3년 미만 | 2.000% | 3년만기 | 1.850% | 조건별 | 1 | JB 햇살론 YOUTH 보유고객 우대 : 0.2% | 유형 고정금리 | 금리 높은 예금 | 유니온정기예탁금 | 충절로신용협동조합 | 최고 4.21% | 유니온정기예탁금 | 대구대서신용협동조합 | 최고 4.20% | 유니온정기예탁금 | 부산원광신용협동조합 | 최고 4.20% | 더 많은 상품보기 | 편리한 내 금융자산 관리 | 내 신용점수 알아보기 | 잊고 있던 내 보험 찾기 | 계좌 속 숨은 돈 찾기 | 신용 대출 비교하기 | 로그인전체서비스유의사항 | 툴팁 보기 | 예적금 금리정보 | 금융정보는 금융회사 홈페이지 등에 게시된 정보를 기초로 한 참고사항이며, 이는 수시로 변경될 수 있으므로 거래 전 해당 금융회사에 확인 바랍니다. | 최종 업데이트 2026.09.28 | 네이버파이낸셜㈜ 사업자 정보 | 펼치기"
1,광주은행,굿스타트예금 네이버 페이,3.88,3.38,12개월,1백만원 이상 1억원 이내 (원단위),"스마트뱅킹, 모바일웹뱅킹",실명의 개인(1인 1계좌),,,3.88,3.38,https://pay.naver.com/savings/detail/b5262698ed41fc21e044fb8c14e92de9,"네이버페이 | 예적금 | 내 계좌 | 검색 | 전체메뉴 | 굿스타트예금 | 네이버 페이 | 광주은행 | 방문없이가입누구나가입 | 이율 | 최고 | 연 3.88% | 이율 | 기본 | 연 3.38%(12개월,세전) | 전화 문의 | 네이버 페이 | 간편가입 | 상품 안내 | 기간 | 12개월 | 금액 | 1백만원 이상 1억원 이내 (원단위) | 가입방법 | 스마트뱅킹, 모바일웹뱅킹 | 대상 | 실명의 개인(1인 1계좌) | 더보기 | 금리 안내 | 12개월 만기시 세후수령액 (단리) | 예치금액 | 입력삭제 | 1,000만원 | 최고금리 | 3.88% | 기본금리 | 3.38% | 원금합계 | 10,000,000원 | 세전이자 | +388,000원 | 이자과세(15.4%) | -59,752원 | 세후수령액 | 10,328,248원 | 기간별 금리 | 기본 금리 | 기간 금리 | 12개월 | 3.380% | 조건별 | 아래의 조건을 충족하는 경우 최고 연 0.5%p의 우대금리를 제공 (단, 중도해지 시에는 적용되지 않음) | 1 | 이 예금 가입일 1년 전부터 가입일 전일까지의 기간 동안 본인 명의의 당행 정기예금 계좌(외화예금, 퇴직연금전용정기예금 제외) 보유하지 않았거나 신규 또는 해지 거래(신규 취소 제외) 이력이 없는 경우 : 0.4% | 2 | 이 예금 가입 시 개인(신용)정보 수집·이용 동의서(상품서비스 안내 등)의 수집·이용에 관한 모든 항목 및 안내 수단에 전체 동의하고 만기일 전일까지 유지한 경우 : 0.1% | 추가 우대금리 이벤트 또는 쿠폰 발급 | 3 | 광주은행에서 실시하는 이벤트 조건에 부합하거나 우대금리 쿠폰을 발급 받아 쿠폰 조건을 충족한 경우 추가 우대금리를 제공하며, 이벤트 또는 쿠폰 발급 시행 시 해당 내용을 인터넷 홈페이지 등에 게시합니다. | 유형 고정금리 | 금리 높은 예금 | 유니온정기예탁금 | 충절로신용협동조합 | 최고 4.21% | 유니온정기예탁금 | 대구대서신용협동조합 | 최고 4.20% | 유니온정기예탁금 | 부산원광신용협동조합 | 최고 4.20% | 더 많은 상품보기 | 편리한 내 금융자산 관리 | 내 신용점수 알아보기 | 잊고 있던 내 보험 찾기 | 계좌 속 숨은 돈 찾기 | 신용 대출 비교하기 | 로그인전체서비스유의사항 | 툴팁 보기 | 예적금 금리정보 | 금융정보는 금융회사 홈페이지 등에 게시된 정보를 기초로 한 참고사항이며, 이는 수시로 변경될 수 있으므로 거래 전 해당 금융회사에 확인 바랍니다. | 최종 업데이트 2026.10.01 | 네이버파이낸셜㈜ 사업자 정보 | 펼치기"
1,SH수협은행,Sh해양플라스틱Zero!예금,3.81,3.46,6개월 이상 12개월 이하 (월단위),100만원 이상 5억원 이하,"스마트폰뱅킹, 인터넷뱅킹, 영업점",실명의 개인 (다계좌 가능하나 합산하여 5억원 이내) ※ 공동명의 불가,,,3.81,3.46,https://pay.naver.com/savings/detail/b655c3950677f93daf7fcbf9d39e91f2,"네이버페이 | 예적금 | 내 계좌 | 검색 | 전체메뉴 | Sh해양플라스틱Zero!예금 | SH수협은행 | 방문없이가입누구나가입 | 이율 | 최고 | 연 3.81% | 이율 | 기본 | 연 3.46%(12개월,세전) | 전화 문의 | 공식홈에서 더 알아보기 | 상품 안내 | 기간 | 6개월 이상 12개월 이하 (월단위) | 금액 | 100만원 이상 5억원 이하 | 가입방법 | 스마트폰뱅킹, 인터넷뱅킹, 영업점 | 대상 | 실명의 개인 (다계좌 가능하나 합산하여 5억원 이내) ※ 공동명의 불가 | 더보기 | 금리 안내 | 12개월 만기시 세후수령액 (단리) | 예치금액 | 입력삭제 | 1,000만원 | 최고금리 | 3.81% | 기본금리 | 3.46% | 원금합계 | 10,000,000원 | 세전이자 | +381,000원 | 이자과세(15.4%) | -58,674원 | 세후수령액 | 10,322,326원 | 기간별 금리 | 기본 금리 | 기간 금리 | 6개월이상 12개월미만 | 3.300% | 12개월 | 3.460% | 조건별 | 아래의 조건을 모두 충족하는 경우에도 최대 연 0.35% | 1 | 이 예금 신규시 해양쓰레기 감축 서약 (신규시 확정) : 0.1% | 2 | 이 예금 신규이후 만기해지시까지 봉사활동 또는 SNS를 통해‘Sh해양플라스틱Zero!예·적금’상품 홍보 후 인증샷 등 제시 (만기해지시 확정) : 0.15% | 3 | 이 예금 신규일에 수협은행 입출금통장을 최초로 신규 (만기해지시 확정) : 0.1% | 4 | 이 예금 신규이후 만기해지시까지 수협은행 본인 입출금통장에서 다음 각 호의 실적중 하나가 월1회이상 발생한 월수가 예금 계약 기간의 1/2이상*인 경우 (만기해지시 확정) | 가. 수협신용카드 결제대금이나 당행 펀드 또는 적금 납입금이 자동이체로 출금된 실적 | 나. 수협체크카드 승인실적 (취소거래시 실적 제외) | * 1개월 미만은 절사 : 0.1% | 유형 고정금리 | 금리 높은 예금 | 유니온정기예탁금 | 충절로신용협동조합 | 최고 4.21% | 유니온정기예탁금 | 대구대서신용협동조합 | 최고 4.20% | 유니온정기예탁금 | 부산원광신용협동조합 | 최고 4.20% | 더 많은 상품보기 | 편리한 내 금융자산 관리 | 내 신용점수 알아보기 | 잊고 있던 내 보험 찾기 | 계좌 속 숨은 돈 찾기 | 신용 대출 비교하기 | 로그인전체서비스유의사항 | 툴팁 보기 | 예적금 금리정보 | 금융정보는 금융회사 홈페이지 등에 게시된 정보를 기초로 한 참고사항이며, 이는 수시로 변경될 수 있으므로 거래 전 해당 금융회사에 확인 바랍니다. | 최종 업데이트 2026.09.30 | 네이버파이낸셜㈜ 사업자 정보 | 펼치기"
2,전북은행,(한가득) 특판 예금,3.50,3.40,"6개월, 9개월",계좌별 1백만원 이상 (고객당 50억원 한도),"영업점, 인터넷뱅킹, 모바일뱅킹, 모바일 Web",개인(개인사업자 포함) 및 일반법인(금융/공공기관 등 기관고객 제외),,,3.5,3.4,https://pay.naver.com/savings/detail/baa36cb8fc854cbf8341a0a258025ca1,"네이버페이 | 예적금 | 내 계좌 | 검색 | 전체메뉴 | (한가득) 특판 예금 | 전북은행 | 특판방문없이가입누구나가입 | 이율 | 최고 | 연 3.50% | 이율 | 기본 | 연 3.40%(6개월,세전) | 특판 | (금리) 6개월 기본금리 연 3.40%, 9개월 기본금리 연 3.60%에 이벤트 우대금리 최대 연 0.10% 적용 시 6개월 최고 연 3.50%, 9개월 최고 연 3.70% 금리 제공 | (조건) 우대조건 충족 시 우대금리 제공 | 판매기간 : 2026.09.08. ~ 10.29. | 판매한도 : 3,000억원 (판매한도 초과시, 초과해당일까지 판매) | 전화 문의 | 공식홈에서 더 알아보기 | 상품 안내 | 기간 | 6개월, 9개월 | 금액 | 계좌별 1백만원 이상 (고객당 50억원 한도) | 가입방법 | 영업점, 인터넷뱅킹, 모바일뱅킹, 모바일 Web | ※단, 법인 신규 및 해지는 영업점에서만 가능 | 대상 | 개인(개인사업자 포함) 및 일반법인(금융/공공기관 등 기관고객 제외) | 더보기 | 금리 안내 | 기간별 금리 | 기본 금리 | 기간 금리 | 6개월 | 3.400% | 9개월 | 3.600% | 조건별 | 이벤트 우대금리 | 아래 우대조건 충족 시 최고 연 0.10% 우대금리 제공(만기 시) | 1 | 가입금액이 5천만원 이상인 경우(가입 건별 적용) : 0.05% | 2 | (개인) 해당 예금 신규시 아래 2가지 마케팅을 동의한 경우 | 다만, 상품서비스 안내수단 전체 동의한 경우에 한함) | - 개인(신용)정보 수집이용 동의서(상품서비스 안내) | - 개인(신용)정보 수집이용제공 동의서(상품서비스 안내)[계열사] | (법인) 가입고객 전원 제공 : 0.05% | 유형 고정금리 | 금리 높은 예금 | 유니온정기예탁금 | 충절로신용협동조합 | 최고 4.21% | 유니온정기예탁금 | 대구대서신용협동조합 | 최고 4.20% | 유니온정기예탁금 | 부산원광신용협동조합 | 최고 4.20% | 더 많은 상품보기 | 편리한 내 금융자산 관리 | 내 신용점수 알아보기 | 잊고 있던 내 보험 찾기 | 계좌 속 숨은 돈 찾기 | 신용 대출 비교하기 | 로그인전체서비스유의사항 | 툴팁 보기 | 예적금 금리정보 | 금융정보는 금융회사 홈페이지 등에 게시된 정보를 기초로 한 참고사항이며, 이는 수시로 변경될 수 있으므로 거래 전 해당 금융회사에 확인 바랍니다. | 최종 업데이트 2026.09.28 | 네이버파이낸셜㈜ 사업자 정보 | 펼치기"
2,토스뱅크,토스뱅크 먼저 이자 받는 정기예금,3.60,3.60,"3개월, 6개월, 12개월",100만원 ~ 10억원,,토스뱅크 통장 또는 토스뱅크 서브 통장을 보유한 실명의 개인,선이자지급방식,,3.6,3.6,https://pay.naver.com/savings/detail/babce2733e63ba7b8ac58786fe2a474a,"네이버페이 | 예적금 | 내 계좌 | 검색 | 전체메뉴 | 토스뱅크 먼저 이자 받는 정기예금 | 토스뱅크 | 특판방문없이가입누구나가입 | 이율 | 최고 | 연 3.60% | 이율 | 기본 | 연 3.60%(12개월,세전) | 특판 | (금리) 12개월 기본금리 연 3.6%(세전) 제공 | 판매기간 : 2023.03.17 ~ 별도 고지 시(판매기간 종료는 모바일앱 및 인터넷 홈페이지를 통해 안내합니다.) | 판매한도 : 제한없음 | 전화 문의 | 공식홈에서 더 알아보기 | 상품 안내 | 기간 | 3개월, 6개월, 12개월 | 금액 | 100만원 ~ 10억원 | 대상 | 토스뱅크 통장 또는 토스뱅크 서브 통장을 보유한 실명의 개인 | 이자지급 | 선이자지급방식 | • 가입일에 보관기간에 해당하는 이자를 근거계좌로 먼저 입금합니다. | • 이 예금의 원천징수 시점은 이자를 받은 날이 아닌 예금이 해지되는 시점으로, 예금을 해지할 때 원금에서 세금을 차감합니다. | • 예금을 중도해지 할 경우, 가입일에 받은 이자를 차감한 뒤 세후 중도해지 이자가 포함된 보관금액이 입금됩니다. | 금리 안내 | 12개월 만기시 세후수령액 (단리) | 예치금액 | 입력삭제 | 1,000만원 | 최고금리 | 3.60% | 기본금리 | 3.60% | 원금합계 | 10,000,000원 | 세전이자 | +360,000원 | 이자과세(15.4%) | -55,440원 | 세후수령액 | 10,304,560원 | 기간별 금리 | 기본 금리 | 기간 금리 | 3개월 | 연 3.1% | 6개월 | 연 3.3% | 12개월 | 연 3.6% | 유형 고정금리 | 금리 높은 예금 | 유니온정기예탁금 | 충절로신용협동조합 | 최고 4.21% | 유니온정기예탁금 | 대구대서신용협동조합 | 최고 4.20% | 유니온정기예탁금 | 부산원광신용협동조합 | 최고 4.20% | 더 많은 상품보기 | 편리한 내 금융자산 관리 | 내 신용점수 알아보기 | 잊고 있던 내 보험 찾기 | 계좌 속 숨은 돈 찾기 | 신용 대출 비교하기 | 로그인전체서비스유의사항 | 툴팁 보기 | 예적금 금리정보 | 금융정보는 금융회사 홈페이지 등에 게시된 정보를 기초로 한 참고사항이며, 이는 수시로 변경될 수 있으므로 거래 전 해당 금융회사에 확인 바랍니다. | 최종 업데이트 2026.09.30 | 네이버파이낸셜㈜ 사업자 정보 | 펼치기"
3,광주은행,플러스다모아예금,3.48,3.38,1개월 이상 3년 이하 월단위 또는 일단위,1백만원 이상 원단위,"영업점, 스마트뱅킹, 모바일웹뱅킹, 인터넷뱅킹","제한없음 (단, 국가 및 지방자치단체는 제외)",,,3.48,3.38,https://pay.naver.com/savings/detail/bb5f0da80e925b984c26e3d3d636424d,"네이버페이 | 예적금 | 내 계좌 | 검색 | 전체메뉴 | 플러스다모아예금 | 광주은행 | 방문없이가입누구나가입 | 이율 | 최고 | 연 3.48% | 이율 | 기본 | 연 3.38%(12개월,세전) | 전화 문의 | 공식홈에서 더 알아보기 | 상품 안내 | 기간 | 1개월 이상 3년 이하 월단위 또는 일단위 | 금액 | 1백만원 이상 원단위 | 가입방법 | 영업점, 스마트뱅킹, 모바일웹뱅킹, 인터넷뱅킹 | 대상 | 제한없음 (단, 국가 및 지방자치단체는 제외) | 더보기 | 금리 안내 | 12개월 만기시 세후수령액 (단리) | 예치금액 | 입력삭제 | 1,000만원 | 최고금리 | 3.48% | 기본금리 | 3.38% | 원금합계 | 10,000,000원 | 세전이자 | +348,000원 | 이자과세(15.4%) | -53,592원 | 세후수령액 | 10,294,408원 | 기간별 금리 | 기본 금리 | 기간 만기일시지급식 월이자지급식 1천만원이상 만기일시 지급식 (온라인 가입시) 1천만원이상 월이자 지급식 (온라인 가입시) | 1개월이상 3개월미만 | 2.350% | - | 2.450% | - | 3개월이상 6개월미만 | 2.700% | - | 2.800% | - | 6개월이상 1년미만 | 3.050% 2.950% 3.150% 3.050% | 1년이상 2년미만 | 3.380% 3.280% 3.480% 3.380% | 2년이상 3년미만 | 3.210% 3.110% 3.210% 3.110% | 3년이상 | 3.070% 2.970% 3.070% 2.970% | 조건별 | 1 | 온라인에서 1천만원이상 가입하는 계좌에 대하여 기간별 우대금리를 제공합니다. (단, 20억이상의 경우 우대금리 미적용) | 자세한 기간별 우대금리 요건은 상품설명서를 참조 바랍니다. | 추가 우대금리 이벤트 또는 쿠폰발급 | 2 | 광주은행에서 실시하는 이벤트 조건*에 부합할 경우 결과에 따른 추가 우대금리를 제공합니다. | *이벤트 조건은 이벤트기간 동안 광주은행 인터넷홈페이지 등에 게시되며, 충족하는 조건에 따라 이 예금의 만기해지 시 금리에 자동 적용됩니다. | 3 | 이 예금에 가입 전에 ‘우대금리쿠폰’*을 발급 받은 고객이 우대금리 쿠폰에 기재된 조건을 충족한 경우 추가 우대금리를 제공합니다. | *‘우대금리쿠폰’은 광주은행 고객 이벤트 등을 통해 특정 기간 중 특정 상품(서비스)에 가입하거나 다양한 이벤트 활동에 참여하여 조건을 달성한 경우 발급됩니다. | 유형 고정금리 | 금리 높은 예금 | 유니온정기예탁금 | 충절로신용협동조합 | 최고 4.21% | 유니온정기예탁금 | 대구대서신용협동조합 | 최고 4.20% | 유니온정기예탁금 | 부산원광신용협동조합 | 최고 4.20% | 더 많은 상품보기 | 편리한 내 금융자산 관리 | 내 신용점수 알아보기 | 잊고 있던 내 보험 찾기 | 계좌 속 숨은 돈 찾기 | 신용 대출 비교하기 | 로그인전체서비스유의사항 | 툴팁 보기 | 예적금 금리정보 | 금융정보는 금융회사 홈페이지 등에 게시된 정보를 기초로 한 참고사항이며, 이는 수시로 변경될 수 있으므로 거래 전 해당 금융회사에 확인 바랍니다. | 최종 업데이트 2026.10.01 | 네이버파이낸셜㈜ 사업자 정보 | 펼치기"
5,SH수협은행,일반정기예금,2.30,2.30,만기일시지급식 : 1개월 이상 5년 이하(월단위 또는 일단위 계약),1만원 이상,"영업점, 비대면(인터넷뱅킹)",제한없음,,,2.3,2.3,https://pay.naver.com/savings/detail/bd64f6c8bafcc91e4314ce848ad05710,"네이버페이 | 예적금 | 내 계좌 | 검색 | 전체메뉴 | 일반정기예금 | SH수협은행 | 방문없이가입누구나가입 | 이율 | 최고 | 연 2.30% | 이율 | 기본 | 연 2.30%(12개월,세전) | 전화 문의 | 공식홈에서 더 알아보기 | 상품 안내 | 기간 | 만기일시지급식 : 1개월 이상 5년 이하(월단위 또는 일단위 계약) | 월이자지급식 : 3개월 이상 5년(월단위) | 금액 | 1만원 이상 | 가입방법 | 영업점, 비대면(인터넷뱅킹) | ※ 비대면 신규는 사업자등록증 또는 고유번호증을 소지한 법인 및 단체만 가능 | ※ 비대면 신규 후 통장 발급 시 영업점 해지만 가능 | ※ 영업점 신규계좌의 비대면 채널 해지는 성년인 개인만 가능 | 대상 | 제한없음 | 더보기 | 금리 안내 | 12개월 만기시 세후수령액 (단리) | 예치금액 | 입력삭제 | 1,000만원 | 최고금리 | 2.30% | 기본금리 | 2.30% | 원금합계 | 10,000,000원 | 세전이자 | +230,000원 | 이자과세(15.4%) | -35,420원 | 세후수령액 | 10,194,580원 | 기간별 금리 | 기본 금리 | 기간 월이자지급식(이율) 월이자지급식(연수익율) 만기일시지급식(이율) 만기일시지급식(연수익율) | 1개월이상-3개월미만 | 1.500% | - | 2.000% | - | 3개월이상-6개월미만 | 1.600% | - | 2.100% | - | 6개월이상-12개월미만 | 1.700% | - | 2.200% | - | 12개월이상-24개월미만 | 1.800% 1.810% 2.300% 2.300% | 24개월이상-36개월미만 | 1.700% 1.710% 2.200% 2.170% | 36개월이상-60개월이하 | 1.500% 1.510% 2.000% 1.960% | 3년초과 5년이하 | 3년경과시점의 3년제금리 | 3년경과시점의 3년제금리 | 3년경과시점의 3년제금리 | 3년경과시점의 3년제금리 | 유형 고정금리 | 금리 높은 예금 | 유니온정기예탁금 | 충절로신용협동조합 | 최고 4.21% | 유니온정기예탁금 | 대구대서신용협동조합 | 최고 4.20% | 유니온정기예탁금 | 부산원광신용협동조합 | 최고 4.20% | 더 많은 상품보기 | 편리한 내 금융자산 관리 | 내 신용점수 알아보기 | 잊고 있던 내 보험 찾기 | 계좌 속 숨은 돈 찾기 | 신용 대출 비교하기 | 로그인전체서비스유의사항 | 툴팁 보기 | 예적금 금리정보 | 금융정보는 금융회사 홈페이지 등에 게시된 정보를 기초로 한 참고사항이며, 이는 수시로 변경될 수 있으므로 거래 전 해당 금융회사에 확인 바랍니다. | 최종 업데이트 2026.09.30 | 네이버파이낸셜㈜ 사업자 정보 | 펼치기"
4,SC제일은행,퍼스트정기예금(회전식),2.70,2.70,1개월~5년 (회전기간의 배수가 되는 월단위로 가입),100만원 이상 제한없음,영업점,제한없음,,,2.7,2.7,https://pay.naver.com/savings/detail/c0e2e013d25daec7f2c1cd258ea717d8,"네이버페이 | 예적금 | 내 계좌 | 검색 | 전체메뉴 | 퍼스트정기예금(회전식) | SC제일은행 | 누구나가입 | 이율 | 최고 | 연 2.70% | 이율 | 기본 | 연 2.70%(6개월,세전) | 전화 문의 | 공식홈에서 더 알아보기 | 상품 안내 | 기간 | 1개월~5년 (회전기간의 배수가 되는 월단위로 가입) | 금액 | 100만원 이상 제한없음 | 가입방법 | 영업점 | 대상 | 제한없음 | 더보기 | 금리 안내 | 기간별 금리 | 기본 금리 | 기간 약정이율 비고 | 1개월 이상 5년 (1개월 회전식) | 2.050% | 회전일(매 회전기간의 가입응당일)마다 1개월제 회전식 고시이율을 기준으로 변경적용 | 1개월 이상 5년 (3개월 회전식) | 2.300% | 회전일(매 회전기간의 가입응당일)마다 3개월제 회전식 고시이율을 기준으로 변경적용 | 1개월 이상 5년 (6개월 회전식) | 2.700% | 회전일(매 회전기간의 가입응당일)마다 6개월제 회전식 고시이율을 기준으로 변경적용 | 유형 변동금리 | 금리 높은 예금 | 유니온정기예탁금 | 충절로신용협동조합 | 최고 4.21% | 유니온정기예탁금 | 대구대서신용협동조합 | 최고 4.20% | 유니온정기예탁금 | 부산원광신용협동조합 | 최고 4.20% | 더 많은 상품보기 | 편리한 내 금융자산 관리 | 내 신용점수 알아보기 | 잊고 있던 내 보험 찾기 | 계좌 속 숨은 돈 찾기 | 신용 대출 비교하기 | 로그인전체서비스유의사항 | 툴팁 보기 | 예적금 금리정보 | 금융정보는 금융회사 홈페이지 등에 게시된 정보를 기초로 한 참고사항이며, 이는 수시로 변경될 수 있으므로 거래 전 해당 금융회사에 확인 바랍니다. | 최종 업데이트 2026.10.01 | 네이버파이낸셜㈜ 사업자 정보 | 펼치기"
4,경남은행,마니마니정기예금,2.75,2.70,1개월 이상 ~ 2년 이내 (일단위 가입 가능),최저 5백만원 ~ 제한 없음 ( 1원 단위 가입 가능),"영업점, 인터넷뱅킹, 모바일뱅킹, 고객센터","제한없음 (단, 국가 및 지방자치단체 제외)",,,2.75,2.7,https://pay.naver.com/savings/detail/c2e03e7f55052eed51157887e8ca6633,"네이버페이 | 예적금 | 내 계좌 | 검색 | 전체메뉴 | 마니마니정기예금 | 경남은행 | 방문없이가입누구나가입 | 이율 | 최고 | 연 2.75% | 이율 | 기본 | 연 2.70%(12개월,세전) | 전화 문의 | 공식홈에서 더 알아보기 | 상품 안내 | 기간 | 1개월 이상 ~ 2년 이내 (일단위 가입 가능) | 금액 | 최저 5백만원 ~ 제한 없음 ( 1원 단위 가입 가능) | 가입방법 | 영업점, 인터넷뱅킹, 모바일뱅킹, 고객센터 | 대상 | 제한없음 (단, 국가 및 지방자치단체 제외) | 더보기 | 금리 안내 | 12개월 만기시 세후수령액 (단리) | 예치금액 | 입력삭제 | 1,000만원 | 최고금리 | 2.75% | 기본금리 | 2.70% | 원금합계 | 10,000,000원 | 세전이자 | +275,000원 | 이자과세(15.4%) | -42,350원 | 세후수령액 | 10,232,650원 | 기간별 금리 | 기본 금리 | 기간 만기지급식 월이자지급식 | 1개월 이상 ~ 3개월 미만 | 2.200% 2.200% | 3개월 이상 ~ 6개월 미만 | 2.350% 2.250% | 6개월 이상 ~ 9개월 미만 | 2.450% 2.350% | 9개월 이상 ~ 12개월 미만 | 2.500% 2.400% | 12개월 이상 ~ 24개월 이하 | 2.700% 2.600% | 조건별 | 1 | • 영업점장 우대이율 (영업점에서 가입시에만 제공 가능합니다) | • 중도해지시에는 우대이율은 제공되지 않습니다. : 0.05% | 유형 고정금리 | 금리 높은 예금 | 유니온정기예탁금 | 충절로신용협동조합 | 최고 4.21% | 유니온정기예탁금 | 대구대서신용협동조합 | 최고 4.20% | 유니온정기예탁금 | 부산원광신용협동조합 | 최고 4.20% | 더 많은 상품보기 | 편리한 내 금융자산 관리 | 내 신용점수 알아보기 | 잊고 있던 내 보험 찾기 | 계좌 속 숨은 돈 찾기 | 신용 대출 비교하기 | 로그인전체서비스유의사항 | 툴팁 보기 | 예적금 금리정보 | 금융정보는 금융회사 홈페이지 등에 게시된 정보를 기초로 한 참고사항이며, 이는 수시로 변경될 수 있으므로 거래 전 해당 금융회사에 확인 바랍니다. | 최종 업데이트 2026.10.01 | 네이버파이낸셜㈜ 사업자 정보 | 펼치기"
1,카카오뱅크,카카오뱅크 정기예금,3.70,3.70,"1개월 ~ 36개월 (월, 일단위로 지정가능)",100만원 ~ 제한없음,,만 14세 이상 실명의 내국인,만기일시지급식 (원금과 이자를 만기일에 한꺼번에 지급하는 방식),,3.7,3.7,https://pay.naver.com/savings/detail/c71b326f8fa70c7fa2423fa4b3f88f1a,"네이버페이 | 예적금 | 내 계좌 | 검색 | 전체메뉴 | 카카오뱅크 정기예금 | 카카오뱅크 | 방문없이가입누구나가입 | 이율 | 최고 | 연 3.70% | 이율 | 기본 | 연 3.70%(12개월,세전) | 전화 문의 | 공식홈에서 더 알아보기 | 상품 안내 | 기간 | 1개월 ~ 36개월 (월, 일단위로 지정가능) | 금액 | 100만원 ~ 제한없음 | 대상 | 만 14세 이상 실명의 내국인 | 이자지급 | 만기일시지급식 (원금과 이자를 만기일에 한꺼번에 지급하는 방식) | ※ 중도해지 또는 만기 후 해지 시에도 해지일에 원금과 이자가 한꺼번에 지급됨 | 더보기 | 금리 안내 | 12개월 만기시 세후수령액 (단리) | 예치금액 | 입력삭제 | 1,000만원 | 최고금리 | 3.70% | 기본금리 | 3.70% | 원금합계 | 10,000,000원 | 세전이자 | +370,000원 | 이자과세(15.4%) | -56,980원 | 세후수령액 | 10,313,020원 | 기간별 금리 | 기본 금리 | 기간 금리 | 1개월 이상 3개월 미만 | 연 3.00% | 3개월 이상 6개월 미만 | 연 3.40% | 6개월 이상 12개월 미만 | 연 3.50% | 12개월 이상 24개월 미만 | 연 3.70% | 24개월 이상 36개월 미만 | 연 3.10% | 36개월 | 연 3.10% | 조건별 | 1 | 금리쿠폰을 사용하고 만기 해지하는 경우 해당 금리쿠폰에 명시된 조건에 따라 추가적인 우대금리를 제공 | 금리쿠폰의 우대금리 및 사용, 제공기간 등과 같은 세부사항은 발급된 금리쿠폰의 상세정보를 통해 확인 가능 | 유형 고정금리 | 금리 높은 예금 | 유니온정기예탁금 | 충절로신용협동조합 | 최고 4.21% | 유니온정기예탁금 | 대구대서신용협동조합 | 최고 4.20% | 유니온정기예탁금 | 부산원광신용협동조합 | 최고 4.20% | 더 많은 상품보기 | 편리한 내 금융자산 관리 | 내 신용점수 알아보기 | 잊고 있던 내 보험 찾기 | 계좌 속 숨은 돈 찾기 | 신용 대출 비교하기 | 로그인전체서비스유의사항 | 툴팁 보기 | 예적금 금리정보 | 금융정보는 금융회사 홈페이지 등에 게시된 정보를 기초로 한 참고사항이며, 이는 수시로 변경될 수 있으므로 거래 전 해당 금융회사에 확인 바랍니다. | 최종 업데이트 2026.09.30 | 네이버파이낸셜㈜ 사업자 정보 | 펼치기"
3,광주은행,이자먼저Wa예금,3.05,3.05,"3개월, 6개월, 12개월",100만원 이상 5억원 이하,"모바일뱅킹, 스마트뱅킹",실명의 개인(입출금이 자유로운예금 계좌를 통한 연결 신규로만 가입이 가능),,,3.05,3.05,https://pay.naver.com/savings/detail/ccbcc313a9aac89398dac79bfdc1e24e,"네이버페이 | 예적금 | 내 계좌 | 검색 | 전체메뉴 | 이자먼저Wa예금 | 광주은행 | 방문없이가입누구나가입 | 이율 | 최고 | 연 3.05% | 이율 | 기본 | 연 3.05%(12개월,세전) | 전화 문의 | 공식홈에서 더 알아보기 | 상품 안내 | 기간 | 3개월, 6개월, 12개월 | 금액 | 100만원 이상 5억원 이하 | 가입방법 | 모바일뱅킹, 스마트뱅킹 | 대상 | 실명의 개인(입출금이 자유로운예금 계좌를 통한 연결 신규로만 가입이 가능) | 더보기 | 금리 안내 | 12개월 만기시 세후수령액 (단리) | 예치금액 | 입력삭제 | 1,000만원 | 최고금리 | 3.05% | 기본금리 | 3.05% | 원금합계 | 10,000,000원 | 세전이자 | +305,000원 | 이자과세(15.4%) | -46,970원 | 세후수령액 | 10,258,030원 | 기간별 금리 | 기본 금리 | 기간 금리 | 3개월 | 2.550% | 6개월 | 2.750% | 12개월 | 3.050% | 조건별 | 추가 우대금리 이벤트 또는 쿠폰 발급 | 1 | 광주은행에서 실시하는 이벤트 조건에 부합하거나 우대금리 쿠폰을 발급 받아 쿠폰 조건을 충족한 경우 추가 우대금리를 제공하며, 이벤트 또는 쿠폰 발급 시행 시 해당 내용을 인터넷 홈페이지 등에 게시합니다. | 유형 고정금리 | 금리 높은 예금 | 유니온정기예탁금 | 충절로신용협동조합 | 최고 4.21% | 유니온정기예탁금 | 대구대서신용협동조합 | 최고 4.20% | 유니온정기예탁금 | 부산원광신용협동조합 | 최고 4.20% | 더 많은 상품보기 | 편리한 내 금융자산 관리 | 내 신용점수 알아보기 | 잊고 있던 내 보험 찾기 | 계좌 속 숨은 돈 찾기 | 신용 대출 비교하기 | 로그인전체서비스유의사항 | 툴팁 보기 | 예적금 금리정보 | 금융정보는 금융회사 홈페이지 등에 게시된 정보를 기초로 한 참고사항이며, 이는 수시로 변경될 수 있으므로 거래 전 해당 금융회사에 확인 바랍니다. | 최종 업데이트 2026.10.01 | 네이버파이낸셜㈜ 사업자 정보 | 펼치기"
5,전북은행,JB회전정기예금,2.10,2.10,1년 이상 ~ 5년 이내 연 단위(회전기간별 적용이율로 회전 적용하는 기간),1백만원 이상,영업점,"제한없음(다만, 국가 및 지방자치단체 제외)",,,2.1,2.1,https://pay.naver.com/savings/detail/ce114dfe0686073803e872829d23454d,"네이버페이 | 예적금 | 내 계좌 | 검색 | 전체메뉴 | JB회전정기예금 | 전북은행 | 누구나가입 | 이율 | 최고 | 연 2.10% | 이율 | 기본 | 연 2.10%(12개월,세전) | 전화 문의 | 공식홈에서 더 알아보기 | 상품 안내 | 기간 | 1년 이상 ~ 5년 이내 연 단위(회전기간별 적용이율로 회전 적용하는 기간) | 회전기간: 1개월, 3개월, 6개월, 1년 | 금액 | 1백만원 이상 | 가입방법 | 영업점 | 대상 | 제한없음(다만, 국가 및 지방자치단체 제외) | 더보기 | 금리 안내 | 기간별 금리 | 기본 금리 | 기간 금리 | 회전기간 1개월 | 1.600% | 회전기간 3개월 | 1.800% | 회전기간 6개월 | 1.900% | 회전기간 1년 | 2.100% | 유형 변동금리 | 금리 높은 예금 | 유니온정기예탁금 | 충절로신용협동조합 | 최고 4.21% | 유니온정기예탁금 | 대구대서신용협동조합 | 최고 4.20% | 유니온정기예탁금 | 부산원광신용협동조합 | 최고 4.20% | 더 많은 상품보기 | 편리한 내 금융자산 관리 | 내 신용점수 알아보기 | 잊고 있던 내 보험 찾기 | 계좌 속 숨은 돈 찾기 | 신용 대출 비교하기 | 로그인전체서비스유의사항 | 툴팁 보기 | 예적금 금리정보 | 금융정보는 금융회사 홈페이지 등에 게시된 정보를 기초로 한 참고사항이며, 이는 수시로 변경될 수 있으므로 거래 전 해당 금융회사에 확인 바랍니다. | 최종 업데이트 2026.09.28 | 네이버파이낸셜㈜ 사업자 정보 | 펼치기"
3,전북은행,내맘 쏙 정기예금 네이버 페이,3.00,2.90,1개월이상 12개월이내 (월단위),계좌당 10만원 이상,"모바일뱅킹, 모바일Web",실명의 개인 및 개인사업자,,,3.0,2.9,https://pay.naver.com/savings/detail/ce6e968ad392d912a2e6cb63f408d28e,"네이버페이 | 예적금 | 내 계좌 | 검색 | 전체메뉴 | 내맘 쏙 정기예금 | 네이버 페이 | 전북은행 | 방문없이가입누구나가입 | 이율 | 최고 | 연 3.00% | 이율 | 기본 | 연 2.90%(12개월,세전) | 전화 문의 | 네이버 페이 | 간편가입 | 상품 안내 | 기간 | 1개월이상 12개월이내 (월단위) | 금액 | 계좌당 10만원 이상 | 가입방법 | 모바일뱅킹, 모바일Web | 대상 | 실명의 개인 및 개인사업자 | 더보기 | 금리 안내 | 12개월 만기시 세후수령액 (단리) | 예치금액 | 입력삭제 | 1,000만원 | 최고금리 | 3.00% | 기본금리 | 2.90% | 원금합계 | 10,000,000원 | 세전이자 | +300,000원 | 이자과세(15.4%) | -46,200원 | 세후수령액 | 10,253,800원 | 기간별 금리 | 기본 금리 | 기간 금리 | 1개월이상 3개월 미만 | 1.900% | 3개월이상 6개월 미만 | 2.350% | 6개월이상 9개월미만 | 2.350% | 9개월이상 12개월미만 | 2.600% | 12개월 | 2.900% | 조건별 | 아래 우대조건 충족시 최고 연 0.10% 우대이자율 제공 (단, 만기해지 계좌에 한하여 적용) | 1 | 마케팅동의 고객: 개인(신용)정보 수집/이용 동의고객 | 단, 상품서비스 안내수단 전체 동의한 경우에 한함 : 0.1% | 금리우대쿠폰 우대이율 | 2 | 이 예금 가입 시 금리우대쿠폰을 사용하는 경우, 해당 쿠폰에서 지급하기로 한 우대금리를 만기해지계좌에 한해 제공 (중도해지 시 우대금리 미제공) | • 금리우대쿠폰은 1계좌당 1장에 한하여 사용 가능 | • 각 금리우대쿠폰 사용횟수는 1회에 한함(중복사용불가) | • 금리우대쿠폰이 사용된 상품 중도해지 시 해당 쿠폰 재사용 불가(사용완료 처리) | • 금리우대쿠폰은 본인에 한하여 사용 가능(타인양도불가) | 이벤트 우대이율 | 3 | • 이 예금은 전북은행에서 실시하는 이벤트 조건을 충족하는 경우 추가 우대이율을 제공하는 이벤트를 시행할 수 있음 | • 이벤트 조건(이벤트 기간, 우대대상, 우대조건, 우대이자율, 우대기간 등)은 이벤트 시행 시 별도로 정할 수 있음 | • 이벤트 조건은 이벤트 기간 동안 전북은행 인터넷 홈페이지에 게시하며, 게시된 조건을 충족하는 경우 추가 우대이자율 제공 | 유형 고정금리 | 금리 높은 예금 | 유니온정기예탁금 | 충절로신용협동조합 | 최고 4.21% | 유니온정기예탁금 | 대구대서신용협동조합 | 최고 4.20% | 유니온정기예탁금 | 부산원광신용협동조합 | 최고 4.20% | 더 많은 상품보기 | 편리한 내 금융자산 관리 | 내 신용점수 알아보기 | 잊고 있던 내 보험 찾기 | 계좌 속 숨은 돈 찾기 | 신용 대출 비교하기 | 로그인전체서비스유의사항 | 툴팁 보기 | 예적금 금리정보 | 금융정보는 금융회사 홈페이지 등에 게시된 정보를 기초로 한 참고사항이며, 이는 수시로 변경될 수 있으므로 거래 전 해당 금융회사에 확인 바랍니다. | 최종 업데이트 2026.09.28 | 네이버파이낸셜㈜ 사업자 정보 | 펼치기"
3,iM뱅크,iM주거래우대예금(단골고객형),3.25,2.80,6개월 이상 3년 이내(월 또는 일단위),100만원 이상,"영업점, 인터넷뱅킹, iM뱅크 앱",개인(공동명의로 가입 불가),,,3.25,2.8,https://pay.naver.com/savings/detail/cf2d2437a82a1e95c476173827bcce01,"네이버페이 | 예적금 | 내 계좌 | 검색 | 전체메뉴 | iM주거래우대예금(단골고객형) | iM뱅크 | 방문없이가입누구나가입 | 이율 | 최고 | 연 3.25% | 이율 | 기본 | 연 2.80%(12개월,세전) | 전화 문의 | 공식홈에서 더 알아보기 | 상품 안내 | 기간 | 6개월 이상 3년 이내(월 또는 일단위) | 금액 | 100만원 이상 | 가입방법 | 영업점, 인터넷뱅킹, iM뱅크 앱 | 대상 | 개인(공동명의로 가입 불가) | 더보기 | 금리 안내 | 12개월 만기시 세후수령액 (단리) | 예치금액 | 입력삭제 | 1,000만원 | 최고금리 | 3.25% | 기본금리 | 2.80% | 원금합계 | 10,000,000원 | 세전이자 | +325,000원 | 이자과세(15.4%) | -50,050원 | 세후수령액 | 10,274,950원 | 기간별 금리 | 기본 금리 | 기간 기본 이자율 기본 연수익율 최고 ㈜영업점 최고 ㈜인터넷 | 6개월이상 ~ 12개월미만 | 2.210% | - | 2.610% 2.660% | 12개월이상 ~ 24개월미만 | 2.800% 2.800% 3.200% 3.250% | 24개월이상 ~ 36개월미만 | 2.670% 2.640% 3.070% 3.120% | 36개월 | 2.690% 2.620% 3.090% 3.140% | 조건별 | 1 | 인터넷/모바일뱅킹에서 가입시 비대면우대이자율이 추가 적용됩니다. | 단, 중도에 통장 발행 등 일반예금으로 전환하는 경우 전체 예금기간에 대해 비대면우대이자율이 적용되지 않습니다. : 0.05% | 우대이자율 : 최고 연 0.40%p | - 실적계산기준일 : 신규가입일(재예치일) 또는 신규가입일(재예치일)로부터 3개월째 되는 날이 속한 달의 다음달 1일 | 2 | 아래 1가지 이상 당행 보유 고객 | ① MMF를 제외한 수익증권(펀드) 보유 | ② 대출금(지급보증 제외) 보유 | ※ 한도대출인 경우 이 예금 신규 시 대출잔액이 있는 경우만 한정 | ③ 지난달 총수신 평균잔액 1천만원 이상 보유 | * 총수신은 입출금이자유로운예금, 거치식예금[정기예금, 주택청약예금, Rich지수연동예금, 양도성예금증서(CD통장식), 환매조건부채권매도(RP)], 적립식예금[정기적금, 상호부금, 재형저축, 장기주택마련저축, 주택청약부금, 주택청약종합저축], 신탁상품[특정금전신탁, 연금저축신탁], 퇴직연금상품 개인형IRP에 한합니다. : 0.1% | 3 | 지난 3개월 당행입출금이 자유로운예금* 예금평균잔액이 100만원 이상인 고객 | * 입출금이자유로운예금은 보통예금, 신자유저축예금, 기업자유예금, 가계당좌예금, 매일플러스통장, 매일플러스기업통장에 한합니다. : 0.1% | 4 | 지난 3개월 이내 당행 계좌를 통한 당행 신용(체크)카드 결제금액 60만원 이상인 고객 | * 결제금액 출금 기준, 승인 취소 건은 결제실적에서 제외 : 0.1% | 5 | 상품 가입(재예치) 전 최근 1개월 이내 당행계좌를 통한 공과금* 자동이체 출금건수 또는 공과금* 자동이체 신규 등록 건수가 2건이상인 고객 | * 4대보험, 아파트관리비, 전기료, 도시가스료등 : 0.1% | 유형 고정금리 | 금리 높은 예금 | 유니온정기예탁금 | 충절로신용협동조합 | 최고 4.21% | 유니온정기예탁금 | 대구대서신용협동조합 | 최고 4.20% | 유니온정기예탁금 | 부산원광신용협동조합 | 최고 4.20% | 더 많은 상품보기 | 편리한 내 금융자산 관리 | 내 신용점수 알아보기 | 잊고 있던 내 보험 찾기 | 계좌 속 숨은 돈 찾기 | 신용 대출 비교하기 | 로그인전체서비스유의사항 | 툴팁 보기 | 예적금 금리정보 | 금융정보는 금융회사 홈페이지 등에 게시된 정보를 기초로 한 참고사항이며, 이는 수시로 변경될 수 있으므로 거래 전 해당 금융회사에 확인 바랍니다. | 최종 업데이트 2026.09.29 | 네이버파이낸셜㈜ 사업자 정보 | 펼치기"
1,전북은행,JB 다이렉트(자유만기)예금,3.92,3.92,1개월~24개월 범위 내에 월단위 또는 일단위(일단위는 월미만 잔여일수),계좌당 1백만원 이상,"모바일뱅킹, 모바일Web",실명의 개인 및 개인사업자(임의단체 제외),,,3.92,3.92,https://pay.naver.com/savings/detail/d0acede68b222fab8903c9c610345963,"네이버페이 | 예적금 | 내 계좌 | 검색 | 전체메뉴 | JB 다이렉트(자유만기)예금 | 전북은행 | 방문없이가입누구나가입 | 이율 | 최고 | 연 3.92% | 이율 | 기본 | 연 3.92%(12개월,세전) | 전화 문의 | 공식홈에서 더 알아보기 | 상품 안내 | 기간 | 1개월~24개월 범위 내에 월단위 또는 일단위(일단위는 월미만 잔여일수) | 금액 | 계좌당 1백만원 이상 | 가입방법 | 모바일뱅킹, 모바일Web | 대상 | 실명의 개인 및 개인사업자(임의단체 제외) | 더보기 | 금리 안내 | 12개월 만기시 세후수령액 (단리) | 예치금액 | 입력삭제 | 1,000만원 | 최고금리 | 3.92% | 기본금리 | 3.92% | 원금합계 | 10,000,000원 | 세전이자 | +392,000원 | 이자과세(15.4%) | -60,368원 | 세후수령액 | 10,331,632원 | 기간별 금리 | 기본 금리 | 기간 금리 | 1개월이상 3개월 미만 | 2.300% | 3개월이상 6개월 미만 | 2.500% | 6개월이상 ~ 12개월미만 | 3.500% | 12개월이상 ~ 18개월미만 | 3.920% | 18개월이상 ~ 24개월미만 | 3.930% | 24개월 | 3.940% | 유형 고정금리 | 금리 높은 예금 | 유니온정기예탁금 | 충절로신용협동조합 | 최고 4.21% | 유니온정기예탁금 | 대구대서신용협동조합 | 최고 4.20% | 유니온정기예탁금 | 부산원광신용협동조합 | 최고 4.20% | 더 많은 상품보기 | 편리한 내 금융자산 관리 | 내 신용점수 알아보기 | 잊고 있던 내 보험 찾기 | 계좌 속 숨은 돈 찾기 | 신용 대출 비교하기 | 로그인전체서비스유의사항 | 툴팁 보기 | 예적금 금리정보 | 금융정보는 금융회사 홈페이지 등에 게시된 정보를 기초로 한 참고사항이며, 이는 수시로 변경될 수 있으므로 거래 전 해당 금융회사에 확인 바랍니다. | 최종 업데이트 2026.10.01 | 네이버파이낸셜㈜ 사업자 정보 | 펼치기"
4,부산은행,회전플러스정기예금,2.60,2.60,"1년, 2년, 3년 (회전기간 1,3,6개월 중도변경 불가)",5백만원 이상,영업점,"제한없음(시 · 구금고 및 별도약정에 의한 기관, 단체 제외)",,,2.6,2.6,https://pay.naver.com/savings/detail/d11e9f48ab67e3ce908f8661630670ed,"네이버페이 | 예적금 | 내 계좌 | 검색 | 전체메뉴 | 회전플러스정기예금 | 부산은행 | 누구나가입 | 이율 | 최고 | 연 2.60% | 이율 | 기본 | 연 2.60%(6개월,세전) | 전화 문의 | 공식홈에서 더 알아보기 | 상품 안내 | 기간 | 1년, 2년, 3년 (회전기간 1,3,6개월 중도변경 불가) | 금액 | 5백만원 이상 | 가입방법 | 영업점 | 대상 | 제한없음(시 · 구금고 및 별도약정에 의한 기관, 단체 제외) | 더보기 | 금리 안내 | 기간별 금리 | 기본 금리 | 기간 연이율 연수익률 | 회전기간 : 1개월 | 2.300% 2.320% | 회전기간 : 3개월 | 2.500% 2.520% | 회전기간 : 6개월 | 2.600% 2.610% | 조건별 | 1 | 신규 가입후 6개월 이상 계속 예치하는 경우, 6개월 경과 후 회전시 0.10%p의 우대이율 제공 | 유형 변동금리 | 금리 높은 예금 | 유니온정기예탁금 | 충절로신용협동조합 | 최고 4.21% | 유니온정기예탁금 | 대구대서신용협동조합 | 최고 4.20% | 유니온정기예탁금 | 부산원광신용협동조합 | 최고 4.20% | 더 많은 상품보기 | 편리한 내 금융자산 관리 | 내 신용점수 알아보기 | 잊고 있던 내 보험 찾기 | 계좌 속 숨은 돈 찾기 | 신용 대출 비교하기 | 로그인전체서비스유의사항 | 툴팁 보기 | 예적금 금리정보 | 금융정보는 금융회사 홈페이지 등에 게시된 정보를 기초로 한 참고사항이며, 이는 수시로 변경될 수 있으므로 거래 전 해당 금융회사에 확인 바랍니다. | 최종 업데이트 2026.09.28 | 네이버파이낸셜㈜ 사업자 정보 | 펼치기"
1,부산은행,더(The) 특판 정기예금 네이버 페이,3.92,2.10,"1개월, 3개월, 6개월, 1년, 2년, 3년",최소 1백만원 이상 제한 없음 (원 단위),"인터넷뱅킹(개인), 모바일뱅킹(개인)",실명의 개인,,,3.92,2.1,https://pay.naver.com/savings/detail/da804dfacec59071bd22d61aceceb2c6,"네이버페이 | 예적금 | 내 계좌 | 검색 | 전체메뉴 | 더(The) 특판 정기예금 | 네이버 페이 | 부산은행 | 특판방문없이가입누구나가입 | 이율 | 최고 | 연 3.92% | 이율 | 기본 | 연 2.10%(12개월,세전) | 특판 | (금리)기본이율 연 2.10%에 최대 1.82%p의 우대이율을 제공하여 최고 연3.92% (세전, 1년제 기준) | (조건)판매 기간에만 가입 가능한 특판 전용 정기예금 | 판매기간 : 2026.03.20 ~ 2027.08.31(단, 한도소진 및 시장상황에 따라 별도의 고지 없이 사전 종료될 수 있음) | 전화 문의 | 네이버 페이 | 간편가입 | 상품 안내 | 기간 | 1개월, 3개월, 6개월, 1년, 2년, 3년 | 금액 | 최소 1백만원 이상 제한 없음 (원 단위) | 가입방법 | 인터넷뱅킹(개인), 모바일뱅킹(개인) | 대상 | 실명의 개인 | 더보기 | 금리 안내 | 12개월 만기시 세후수령액 (단리) | 예치금액 | 입력삭제 | 1,000만원 | 최고금리 | 3.92% | 기본금리 | 2.10% | 원금합계 | 10,000,000원 | 세전이자 | +392,000원 | 이자과세(15.4%) | -60,368원 | 세후수령액 | 10,331,632원 | 기간별 금리 | 기본 금리 | 기간 연이율 연수익률 | 1개월 | 1.300% 1.310% | 3개월 | 1.550% 1.560% | 6개월 | 1.700% 1.710% | 1년 | 2.100% 2.100% | 2년 | 1.750% 1.730% | 3년 | 1.150% 1.130% | 조건별 | 1 | 가. 금융정보 및 혜택알림(Push) 동의 우대 이율 : 0.10% | - 부산은행 모바일뱅킹을 통해 금융정보 및 혜택 알림(Push)에 동의하는 경우 제공 | - 만기해지 시점 동의 유지되어 있는 경우 제공 | 2 | 나. 더(The)특판 정기예금 신규고객 우대이율 1.12%p 또는 정기예금 중도해지고객 우대이율 0.30%p | (아래 (1), (2) 항목 중 1개 조건 충족시, 우대이율 지급) | (1) 더(The)특판 정기예금 신규고객 우대이율 (아래의 ①, ② 모두 충족 시 적용) | ① 최근 1년간 정기예금 해지 이력이 없는 경우 | ② 예금 신규일 현재 정기예금을 미보유 한 경우(단, 당일 신규 제외) | (2) 정기예금 중도해지고객 우대이율 (아래의 ①, ② 모두 충족 시 적용) | 이 예금 신규일 기준 최근 7영업일 이내에 정기예금 중도해지 이력이 있는 경우 | ① 정기예금 31일 경과 후 중도해지 시 | ② 중도해지금액 이하(원금 기준)로 신규 시 | 3 | 다. 특판우대이율 : 0.60%p (단, 계약기간 2년의 경우 0.95%p) | ▷ 이 상품의 우대이율은 만기해지시에 적용되며, 중도해지시에는 적용되지 않습니다. | ▷ 주거래 우대이율 등 다른 규정에서 정한 우대이율과 중복 적용은 불가합니다. | 유형 고정금리 | 금리 높은 예금 | 유니온정기예탁금 | 충절로신용협동조합 | 최고 4.21% | 유니온정기예탁금 | 대구대서신용협동조합 | 최고 4.20% | 유니온정기예탁금 | 부산원광신용협동조합 | 최고 4.20% | 더 많은 상품보기 | 편리한 내 금융자산 관리 | 내 신용점수 알아보기 | 잊고 있던 내 보험 찾기 | 계좌 속 숨은 돈 찾기 | 신용 대출 비교하기 | 로그인전체서비스유의사항 | 툴팁 보기 | 예적금 금리정보 | 금융정보는 금융회사 홈페이지 등에 게시된 정보를 기초로 한 참고사항이며, 이는 수시로 변경될 수 있으므로 거래 전 해당 금융회사에 확인 바랍니다. | 최종 업데이트 2026.10.01 | 네이버파이낸셜㈜ 사업자 정보 | 펼치기"
2,경남은행,BNK 프리미엄 정기예금,3.70,2.30,"12개월, 13개월",최소 1백만원 이상 최대 10억원 이하(고객별 10억이내),"영업점, 모바일뱅킹(개인)",개인,,,3.7,2.3,https://pay.naver.com/savings/detail/e08b9dda90aa2e201f255ba4f87bff96,"네이버페이 | 예적금 | 내 계좌 | 검색 | 전체메뉴 | BNK 프리미엄 정기예금 | 경남은행 | 방문없이가입누구나가입 | 이율 | 최고 | 연 3.70% | 이율 | 기본 | 연 2.30%(12개월,세전) | 전화 문의 | 공식홈에서 더 알아보기 | 상품 안내 | 기간 | 12개월, 13개월 | 금액 | 최소 1백만원 이상 최대 10억원 이하(고객별 10억이내) | 가입방법 | 영업점, 모바일뱅킹(개인) | 대상 | 개인 | 더보기 | 금리 안내 | 12개월 만기시 세후수령액 (단리) | 예치금액 | 입력삭제 | 1,000만원 | 최고금리 | 3.70% | 기본금리 | 2.30% | 원금합계 | 10,000,000원 | 세전이자 | +370,000원 | 이자과세(15.4%) | -56,980원 | 세후수령액 | 10,313,020원 | 기간별 금리 | 기본 금리 | 기간 금리 | 12개월 | 2.300% | 13개월 | 2.300% | 조건별 | 우대금리 : 최고 1.50% | 중도해지시 우대이율은 제공되지 않습니다. | 1 | 가입전 마케팅 동의시 : 0.2% | 2 | 프리미엄 기본 우대금리 : 1.1% | 3 | 신규자금 우대(신규당일 및 신규일로부터 최근 15일간 정기예금 해지이력 미보유) : 0.1% | 4 | 프리미엄 가입기간 우대금리(가입기간 13개월일 경우) : 0.1% | 유형 고정금리 | 금리 높은 예금 | 유니온정기예탁금 | 충절로신용협동조합 | 최고 4.21% | 유니온정기예탁금 | 대구대서신용협동조합 | 최고 4.20% | 유니온정기예탁금 | 부산원광신용협동조합 | 최고 4.20% | 더 많은 상품보기 | 편리한 내 금융자산 관리 | 내 신용점수 알아보기 | 잊고 있던 내 보험 찾기 | 계좌 속 숨은 돈 찾기 | 신용 대출 비교하기 | 로그인전체서비스유의사항 | 툴팁 보기 | 예적금 금리정보 | 금융정보는 금융회사 홈페이지 등에 게시된 정보를 기초로 한 참고사항이며, 이는 수시로 변경될 수 있으므로 거래 전 해당 금융회사에 확인 바랍니다. | 최종 업데이트 2026.10.01 | 네이버파이낸셜㈜ 사업자 정보 | 펼치기"
4,KB국민은행,국민수퍼정기예금(CD금리연동형),2.71,2.71,"6개월, 1년, 2년, 3년",100만원 이상 (건별 10만원이상 원단위로 추가입금 가능),"영업점, 고객센터",제한없음,,,2.71,2.71,https://pay.naver.com/savings/detail/e25f216781482e90b05a3295caa68dad,"네이버페이 | 예적금 | 내 계좌 | 검색 | 전체메뉴 | 국민수퍼정기예금(CD금리연동형) | KB국민은행 | 방문없이가입누구나가입 | 이율 | 최고 | 연 2.71% | 이율 | 기본 | 연 2.71%(12개월,세전) | 전화 문의 | 공식홈에서 더 알아보기 | 상품 안내 | 기간 | 6개월, 1년, 2년, 3년 | 금액 | 100만원 이상 (건별 10만원이상 원단위로 추가입금 가능) | 가입방법 | 영업점, 고객센터 | 대상 | 제한없음 | 더보기 | 금리 안내 | 기간별 금리 | 기본 금리 | 기간 만기이자지급식, 3개월이자지급식 월이자지급식 | 6개월 | 만기이율 : 연 2.71% (CD수익률 3.21% - 0.50%p) | 만기이율 : 연 2.71% (CD수익률 3.21% - 0.50%p) | 1년 | 만기이율 : 연 2.71% (CD수익률 3.21% - 0.50%p) | 만기이율 : 연 2.71% (CD수익률 3.21% - 0.50%p) | 2년 | 만기이율 : 연 2.71% (CD수익률 3.21% - 0.50%p) | 만기이율 : 연 2.71% (CD수익률 3.21% - 0.50%p) | 3년 | 만기이율 : 연 2.71% (CD수익률 3.21% - 0.50%p) | 만기이율 : 연 2.71% (CD수익률 3.21% - 0.50%p) | 조건별 | 금리우대쿠폰 | 1 | 이 예금의 신규 시 금리우대쿠폰을 적용한 경우 쿠폰 우대금리를 기본이율에 가산 | ※ 금리우대쿠폰 우대금리는 신규 당시 적용한 쿠폰의 우대금리를 따르며, 세부 사항(적용방법, 유의사항 등)은 금리우대쿠폰에서 확인 가능 | ※ 금리우대쿠폰은 신규 시에만 사용 가능하며 중도해지시 미적용 | 유형 변동금리 | 금리 높은 예금 | 유니온정기예탁금 | 충절로신용협동조합 | 최고 4.21% | 유니온정기예탁금 | 대구대서신용협동조합 | 최고 4.20% | 유니온정기예탁금 | 부산원광신용협동조합 | 최고 4.20% | 더 많은 상품보기 | 편리한 내 금융자산 관리 | 내 신용점수 알아보기 | 잊고 있던 내 보험 찾기 | 계좌 속 숨은 돈 찾기 | 신용 대출 비교하기 | 로그인전체서비스유의사항 | 툴팁 보기 | 예적금 금리정보 | 금융정보는 금융회사 홈페이지 등에 게시된 정보를 기초로 한 참고사항이며, 이는 수시로 변경될 수 있으므로 거래 전 해당 금융회사에 확인 바랍니다. | 최종 업데이트 2026.09.29 | 네이버파이낸셜㈜ 사업자 정보 | 펼치기"
4,경남은행,BNK더조은정기예금,2.55,2.05,3개월이상 24개월 이내(월단위),1백만원 ~ 5억원 이하(고객당),"개인 모바일뱅킹, 인터넷뱅킹, 모바일웹",실명의 개인,,,2.55,2.05,https://pay.naver.com/savings/detail/e43ec039e2aeaebd0f6f61340914dc9f,"네이버페이 | 예적금 | 내 계좌 | 검색 | 전체메뉴 | BNK더조은정기예금 | 경남은행 | 방문없이가입누구나가입 | 이율 | 최고 | 연 2.55% | 이율 | 기본 | 연 2.05%(12개월,세전) | 전화 문의 | 공식홈에서 더 알아보기 | 상품 안내 | 기간 | 3개월이상 24개월 이내(월단위) | 금액 | 1백만원 ~ 5억원 이하(고객당) | 가입방법 | 개인 모바일뱅킹, 인터넷뱅킹, 모바일웹 | 대상 | 실명의 개인 | 더보기 | 금리 안내 | 12개월 만기시 세후수령액 (단리) | 예치금액 | 입력삭제 | 1,000만원 | 최고금리 | 2.55% | 기본금리 | 2.05% | 원금합계 | 10,000,000원 | 세전이자 | +255,000원 | 이자과세(15.4%) | -39,270원 | 세후수령액 | 10,215,730원 | 기간별 금리 | 기본 금리 | 기간 금리 | 3개월 이상 ~ 6개월 미만 | 2.000% | 6개월 이상 ~ 12개월 미만 | 2.050% | 12개월 이상 ~ 24개월 미만 | 2.050% | 24개월 | 2.050% | 조건별 | 우대이율(연, 세전, 최대 0.50%) | 우대이율은 만기해지 시 제공되며, 중도해지 시에는 제공하지 않습니다. | 1 | 금리우대쿠폰 등록 | - 금리우대쿠폰은 BNK모바일입출금통장 개설, 비대면 정기예·적금 만기 예정, 이벤트 진행시, 전자명함 등을 통해 제공됩니다. : 0.2% | 2 | 자동재예치를 통한 가입 | - 금리우대쿠폰과 중복적용 불가 : 0.05% | 3 | 은행 마케팅동의 및 모바일메세지 수신동의 : 0.1% | 4 | 이 상품 가입금액이 2천만원 이상인 경우 : 0.1% | 5 | 경남은행 오픈뱅킹 서비스 가입 | - 만기해지까지 해당서비스 유지하는 경우 : 0.1% | 유형 고정금리 | 금리 높은 예금 | 유니온정기예탁금 | 충절로신용협동조합 | 최고 4.21% | 유니온정기예탁금 | 대구대서신용협동조합 | 최고 4.20% | 유니온정기예탁금 | 부산원광신용협동조합 | 최고 4.20% | 더 많은 상품보기 | 편리한 내 금융자산 관리 | 내 신용점수 알아보기 | 잊고 있던 내 보험 찾기 | 계좌 속 숨은 돈 찾기 | 신용 대출 비교하기 | 로그인전체서비스유의사항 | 툴팁 보기 | 예적금 금리정보 | 금융정보는 금융회사 홈페이지 등에 게시된 정보를 기초로 한 참고사항이며, 이는 수시로 변경될 수 있으므로 거래 전 해당 금융회사에 확인 바랍니다. | 최종 업데이트 2026.10.01 | 네이버파이낸셜㈜ 사업자 정보 | 펼치기"
2,부산은행,BNK오픈뱅킹 정기예금,3.50,2.80,"6개월, 12개월",1백만원 이상 1천만원 이하 (원 단위) (1인당 계좌 합산 5천만원 한도 내),"영업점, 모바일뱅킹(개인), 디지털데스크",실명의 개인 (1인 1계좌),,,3.5,2.8,https://pay.naver.com/savings/detail/e560415e68bb5fa86db07491a7fc424a,"네이버페이 | 예적금 | 내 계좌 | 검색 | 전체메뉴 | BNK오픈뱅킹 정기예금 | 부산은행 | 방문없이가입누구나가입 | 이율 | 최고 | 연 3.50% | 이율 | 기본 | 연 2.80%(12개월,세전) | 전화 문의 | 공식홈에서 더 알아보기 | 상품 안내 | 기간 | 6개월, 12개월 | 금액 | 1백만원 이상 1천만원 이하 (원 단위) (1인당 계좌 합산 5천만원 한도 내) | 가입방법 | 영업점, 모바일뱅킹(개인), 디지털데스크 | 대상 | 실명의 개인 (1인 1계좌) | 더보기 | 금리 안내 | 12개월 만기시 세후수령액 (단리) | 예치금액 | 입력삭제 | 1,000만원 | 최고금리 | 3.50% | 기본금리 | 2.80% | 원금합계 | 10,000,000원 | 세전이자 | +350,000원 | 이자과세(15.4%) | -53,900원 | 세후수령액 | 10,296,100원 | 기간별 금리 | 기본 금리 | 기간 연이율 연수익률 | 6개월 | 2.500% 2.510% | 12개월 | 2.800% 2.800% | 조건별 | 우대금리 (최대 0.70%) | ※ 모든 우대 이율은 만기 해지 시에 지급하며, 이 예금에 다른 기준(다른상품의 특약)에서 정한 우대이율은 적용하지 아니합니다. | 1 | 가. 오픈뱅킹우대이율 : 최대 0.40%p | ① 이 예금 가입 당일 오픈뱅킹을 통해 당행으로 입금한 자금으로전액 신규 시: 0.30%p | (예금 가입 당일 오픈뱅킹을 통해 입금된 금액이 오픈뱅킹 정기예금 가입 금액 보다 많거나 같을 경우) | ② 이 예금 가입기간 중 오픈뱅킹을 통해 입금한 실적이 3회 이상이고 입금 누적 금액이 100만원 이상인 경우 : 0.10%p (1일1회 인정, 신규 가입일 제외) | 2 | 나. 입출금 평잔 우대이율 : 0.20%p | - 이 예금 가입일로부터 예금 만기일 3영업일 전까지의 입출금 계좌 평균 잔액이 예금 가입 전일의 입출금계좌 잔액 합계 보다 100만원 이상 증가한 경우 적용 | ※ 예금 만기일 3영업일 전 정상 보유 중인 입출금계좌에 한하여 평균 잔액을 산정하며, MMDA는 산정대상에서 제외됩니다. | 3 | 다. 신용(체크)카드 실적 우대이율 : 0.10%p | - 이 예금 가입기간 중 신용(체크)카드 누적 청구(승인)금액 500만원 이상 인 경우 적용 (승인 취소 거래시 사용 청구(승인)실적에서 차감) | 유형 고정금리 | 금리 높은 예금 | 유니온정기예탁금 | 충절로신용협동조합 | 최고 4.21% | 유니온정기예탁금 | 대구대서신용협동조합 | 최고 4.20% | 유니온정기예탁금 | 부산원광신용협동조합 | 최고 4.20% | 더 많은 상품보기 | 편리한 내 금융자산 관리 | 내 신용점수 알아보기 | 잊고 있던 내 보험 찾기 | 계좌 속 숨은 돈 찾기 | 신용 대출 비교하기 | 로그인전체서비스유의사항 | 툴팁 보기 | 예적금 금리정보 | 금융정보는 금융회사 홈페이지 등에 게시된 정보를 기초로 한 참고사항이며, 이는 수시로 변경될 수 있으므로 거래 전 해당 금융회사에 확인 바랍니다. | 최종 업데이트 2026.09.28 | 네이버파이낸셜㈜ 사업자 정보 | 펼치기"
5,우리은행,정기예금,2.20,2.20,1개월 ~ 60개월,제한없음,"인터넷, 영업점",제한없음,,,2.2,2.2,https://pay.naver.com/savings/detail/e594cba7899cbd3798cfacda226a6fc2,"네이버페이 | 예적금 | 내 계좌 | 검색 | 전체메뉴 | 정기예금 | 우리은행 | 방문없이가입누구나가입 | 이율 | 최고 | 연 2.20% | 이율 | 기본 | 연 2.20%(12개월,세전) | 전화 문의 | 공식홈에서 더 알아보기 | 상품 안내 | 기간 | 1개월 ~ 60개월 | 금액 | 제한없음 | 가입방법 | 인터넷, 영업점 | 대상 | 제한없음 | 더보기 | 금리 안내 | 12개월 만기시 세후수령액 (단리) | 예치금액 | 입력삭제 | 1,000만원 | 최고금리 | 2.20% | 기본금리 | 2.20% | 원금합계 | 10,000,000원 | 세전이자 | +220,000원 | 이자과세(15.4%) | -33,880원 | 세후수령액 | 10,186,120원 | 기간별 금리 | 기본 금리 | 기간 금리 | 1개월이상~3개월미만 | 2.050% | 3개월이상~6개월미만 | 2.100% | 6개월이상~1년미만 | 2.150% | 1년이상~2년미만 | 2.200% | 2년이상~3년미만 | 2.300% | 3년동일 | 2.300% | 3년초과~5년이하 | 2.400% | 유형 고정금리 | 금리 높은 예금 | 유니온정기예탁금 | 충절로신용협동조합 | 최고 4.21% | 유니온정기예탁금 | 대구대서신용협동조합 | 최고 4.20% | 유니온정기예탁금 | 부산원광신용협동조합 | 최고 4.20% | 더 많은 상품보기 | 편리한 내 금융자산 관리 | 내 신용점수 알아보기 | 잊고 있던 내 보험 찾기 | 계좌 속 숨은 돈 찾기 | 신용 대출 비교하기 | 로그인전체서비스유의사항 | 툴팁 보기 | 예적금 금리정보 | 금융정보는 금융회사 홈페이지 등에 게시된 정보를 기초로 한 참고사항이며, 이는 수시로 변경될 수 있으므로 거래 전 해당 금융회사에 확인 바랍니다. | 최종 업데이트 2026.09.29 | 네이버파이낸셜㈜ 사업자 정보 | 펼치기"
5,전북은행,맞춤형 자유만기 정기예금,2.20,2.10,6개월 이상 60개월 이내,5백만원 이상(비과세종합저축은 1백만원 이상 가능),영업점,국가 및 지방자치단체를 제외하고는 제한없이 가입,,,2.2,2.1,https://pay.naver.com/savings/detail/ea010b547e5fd305aa60d647f86a736e,"네이버페이 | 예적금 | 내 계좌 | 검색 | 전체메뉴 | 맞춤형 자유만기 정기예금 | 전북은행 | 누구나가입 | 이율 | 최고 | 연 2.20% | 이율 | 기본 | 연 2.10%(12개월,세전) | 전화 문의 | 공식홈에서 더 알아보기 | 상품 안내 | 기간 | 6개월 이상 60개월 이내 | 금액 | 5백만원 이상(비과세종합저축은 1백만원 이상 가능) | 가입방법 | 영업점 | 대상 | 국가 및 지방자치단체를 제외하고는 제한없이 가입 | 더보기 | 금리 안내 | 12개월 만기시 세후수령액 (단리) | 예치금액 | 입력삭제 | 1,000만원 | 최고금리 | 2.20% | 기본금리 | 2.10% | 원금합계 | 10,000,000원 | 세전이자 | +220,000원 | 이자과세(15.4%) | -33,880원 | 세후수령액 | 10,186,120원 | 기간별 금리 | 기본 금리 | 기간 금리 | 6개월이상 1년미만 만기 | 1.900% | 1년만기 | 2.100% | 조건별 | 1 | 국세청에서 통보한 성실납세자인 경우 우대금리 0.1% | 유형 고정금리 | 금리 높은 예금 | 유니온정기예탁금 | 충절로신용협동조합 | 최고 4.21% | 유니온정기예탁금 | 대구대서신용협동조합 | 최고 4.20% | 유니온정기예탁금 | 부산원광신용협동조합 | 최고 4.20% | 더 많은 상품보기 | 편리한 내 금융자산 관리 | 내 신용점수 알아보기 | 잊고 있던 내 보험 찾기 | 계좌 속 숨은 돈 찾기 | 신용 대출 비교하기 | 로그인전체서비스유의사항 | 툴팁 보기 | 예적금 금리정보 | 금융정보는 금융회사 홈페이지 등에 게시된 정보를 기초로 한 참고사항이며, 이는 수시로 변경될 수 있으므로 거래 전 해당 금융회사에 확인 바랍니다. | 최종 업데이트 2026.09.28 | 네이버파이낸셜㈜ 사업자 정보 | 펼치기"
5,제주은행,정기예금(월이자지급식),2.15,2.15,1개월이상 5년이하,최소 100만원 이상,영업점,제한없음,,,2.15,2.15,https://pay.naver.com/savings/detail/ed49d2347381673c50ba866f63b39d44,"네이버페이 | 예적금 | 내 계좌 | 검색 | 전체메뉴 | 정기예금(월이자지급식) | 제주은행 | 누구나가입 | 이율 | 최고 | 연 2.15% | 이율 | 기본 | 연 2.15%(12개월,세전) | 전화 문의 | 공식홈에서 더 알아보기 | 상품 안내 | 기간 | 1개월이상 5년이하 | 월단위/일단위 가능 | 금액 | 최소 100만원 이상 | 최고거래금액 제한없음 | 가입방법 | 영업점 | 대상 | 제한없음 | 더보기 | 금리 안내 | 12개월 만기시 세후수령액 (단리) | 예치금액 | 입력삭제 | 1,000만원 | 최고금리 | 2.15% | 기본금리 | 2.15% | 원금합계 | 10,000,000원 | 세전이자 | +215,000원 | 이자과세(15.4%) | -33,110원 | 세후수령액 | 10,181,890원 | 기간별 금리 | 기본 금리 | 기간 금리 | 1개월이상 3개월미만 | 1.850% | 3개월이상 6개월미만 | 1.950% | 6개월이상 1년미만 | 2.100% | 1년이상 2년미만 | 2.150% | 2년이상 5년만기 | 2.050% | 유형 고정금리 | 금리 높은 예금 | 유니온정기예탁금 | 충절로신용협동조합 | 최고 4.21% | 유니온정기예탁금 | 대구대서신용협동조합 | 최고 4.20% | 유니온정기예탁금 | 부산원광신용협동조합 | 최고 4.20% | 더 많은 상품보기 | 편리한 내 금융자산 관리 | 내 신용점수 알아보기 | 잊고 있던 내 보험 찾기 | 계좌 속 숨은 돈 찾기 | 신용 대출 비교하기 | 로그인전체서비스유의사항 | 툴팁 보기 | 예적금 금리정보 | 금융정보는 금융회사 홈페이지 등에 게시된 정보를 기초로 한 참고사항이며, 이는 수시로 변경될 수 있으므로 거래 전 해당 금융회사에 확인 바랍니다. | 최종 업데이트 2026.09.29 | 네이버파이낸셜㈜ 사업자 정보 | 펼치기"
5,제주은행,제주Dream정기예금 (고정금리형-월이자지급식),2.35,2.25,1개월 이상,최소 100만원 이상,영업점,제한없음,,,2.35,2.25,https://pay.naver.com/savings/detail/f2fcb7a79fe3a74b2088736d89859a7f,"네이버페이 | 예적금 | 내 계좌 | 검색 | 전체메뉴 | 제주Dream정기예금 (고정금리형-월이자지급식) | 제주은행 | 누구나가입 | 이율 | 최고 | 연 2.35% | 이율 | 기본 | 연 2.25%(12개월,세전) | 전화 문의 | 공식홈에서 더 알아보기 | 상품 안내 | 기간 | 1개월 이상 | ① 고정금리형 : 1개월 이상 36개월 이내에서 월 또는 일단위 | ② 단위기간 금리연동형 : | - 12개월 이상 36개월 이내에서 월단위(단, 회전 단위기간은 1개월~6개월 월단위) | - 1개월이상 5년이내(월단위/일단위 가능) | 금액 | 최소 100만원 이상 | *최대금액 제한없음 | 가입방법 | 영업점 | 대상 | 제한없음 | 더보기 | 금리 안내 | 12개월 만기시 세후수령액 (단리) | 예치금액 | 입력삭제 | 1,000만원 | 최고금리 | 2.35% | 기본금리 | 2.25% | 원금합계 | 10,000,000원 | 세전이자 | +235,000원 | 이자과세(15.4%) | -36,190원 | 세후수령액 | 10,198,810원 | 기간별 금리 | 기본 금리 | 기간 금리 | 1개월이상 3개월미만 | 1.950% | 3개월이상 6개월미만 | 2.050% | 6개월이상 1년미만 | 2.200% | 1년이상 2년미만 | 2.250% | 2년이상 3년미만 | 2.150% | 3년만기 | 2.150% | 조건별 | 아래의 요건 중 1건 이상 충족한 경우 0.10%p 추가 우대 이자율 적용 | 1 | ㆍ급여이체 | ㆍ적립식예금 잔액 10만원 이상 | ㆍ탑스/주거래통장 고객 | ㆍ결제계좌(비씨 가맹점) 전월 입금액 10만원 이상 | ㆍ비과세종합저축 대상고객 | ㆍ다자녀가정 우대(가족기준 자녀수 3인 이상) | ㆍ모범납세자(기간 1년이상에 한하며, 제주특별자치도 세정과에서 인증서를 발급받아 제출한 자에 한함) | ㆍ탐나는 J 연금통장 가입고객의 연금 수급/이체 요건 충족 후 이 상품 가입 시 | ㆍ제주국민연금안심통장 가입 고객으로 국민연금 급여가 입금된 경우 | ㆍ제주공무원연금평생안심통장 가입 고객으로 공무원연금 급여가 입금된 경우 | ㆍ제주 군인연금평생안심통장 가입 고객으로 군인연금 급여가 입금된 경우 (단, 10억이상 신규(만기재예치, 자동재신규포함)시 우대이자율 적용은 본부 승인사항임.) : 0.1% | 유형 고정금리, 변동금리 | 금리 높은 예금 | 유니온정기예탁금 | 충절로신용협동조합 | 최고 4.21% | 유니온정기예탁금 | 대구대서신용협동조합 | 최고 4.20% | 유니온정기예탁금 | 부산원광신용협동조합 | 최고 4.20% | 더 많은 상품보기 | 편리한 내 금융자산 관리 | 내 신용점수 알아보기 | 잊고 있던 내 보험 찾기 | 계좌 속 숨은 돈 찾기 | 신용 대출 비교하기 | 로그인전체서비스유의사항 | 툴팁 보기 | 예적금 금리정보 | 금융정보는 금융회사 홈페이지 등에 게시된 정보를 기초로 한 참고사항이며, 이는 수시로 변경될 수 있으므로 거래 전 해당 금융회사에 확인 바랍니다. | 최종 업데이트 2026.09.29 | 네이버파이낸셜㈜ 사업자 정보 | 펼치기"
2,전북은행,JB 골든 에이지 예금,3.60,3.00,회전형 : 1년 ~ 5년(연단위),최소 3백만원 이상,"영업점, 인터넷뱅킹, 모바일뱅킹, 모바일웹",실명의 개인 및 개인사업자(임의단체 제외),,,3.6,3.0,https://pay.naver.com/savings/detail/f466999ee773d73df33cf99bdf2bbd8a,"네이버페이 | 예적금 | 내 계좌 | 검색 | 전체메뉴 | JB 골든 에이지 예금 | 전북은행 | 방문없이가입누구나가입 | 이율 | 최고 | 연 3.60% | 이율 | 기본 | 연 3.00%(12개월,세전) | 전화 문의 | 공식홈에서 더 알아보기 | 상품 안내 | 기간 | 회전형 : 1년 ~ 5년(연단위) | 회전기간: 1년 (이자율 변경주기) | 금액 | 최소 3백만원 이상 | 가입방법 | 영업점, 인터넷뱅킹, 모바일뱅킹, 모바일웹 | 대상 | 실명의 개인 및 개인사업자(임의단체 제외) | 더보기 | 금리 안내 | 기간별 금리 | 기본 금리 | 기간 회전형(월이자지급식) 회전형(회전기간 이자지급식) | 회전기간 1년 | 2.900% 3.000% | 조건별 | 아래 요건을 충족할 경우 최고 연 0.60% 적용 | 1 | 예금가입일 전전월 급여이체 실적이 건당 50만원 이상인 경우 또는 연금이체 실적이 건당 20만원 이상인 경우 (다만, 연금이체 인정용어 「연금」, 「사립학교교직원」, 「국가보훈처」, 「KRCS」, 「농어촌공사」 로 입금되는 경우에 한하며, 유통장 입금시 제외) : 0.2% | 2 | 예금가입일 전전월 공과금 자동이체* 출금실적이 있는 경우 | * 아파트관리비, 지로, CMS, 펌뱅킹을 통한 자동납부(카드결제분 제외) : 0.1% | 3 | 예금가입일 전전월 당행 신용(체크)카드 매입(사용)실적이 10만원 이상 있는 경우(현금서비스 제외) : 0.2% | 4 | 예금가입일 현재 60세 이상 거래 고객 : 0.1% | 유형 변동금리 | 금리 높은 예금 | 유니온정기예탁금 | 충절로신용협동조합 | 최고 4.21% | 유니온정기예탁금 | 대구대서신용협동조합 | 최고 4.20% | 유니온정기예탁금 | 부산원광신용협동조합 | 최고 4.20% | 더 많은 상품보기 | 편리한 내 금융자산 관리 | 내 신용점수 알아보기 | 잊고 있던 내 보험 찾기 | 계좌 속 숨은 돈 찾기 | 신용 대출 비교하기 | 로그인전체서비스유의사항 | 툴팁 보기 | 예적금 금리정보 | 금융정보는 금융회사 홈페이지 등에 게시된 정보를 기초로 한 참고사항이며, 이는 수시로 변경될 수 있으므로 거래 전 해당 금융회사에 확인 바랍니다. | 최종 업데이트 2026.09.28 | 네이버파이낸셜㈜ 사업자 정보 | 펼치기"
5,IBK기업은행,실세금리정기예금,2.20,2.20,"1개월 이상 3년 이하 (연, 월, 일 단위)",5백만원 이상,"영업점, 인터넷뱅킹, 텔레뱅킹(IBK고객센터), i-ONE뱅크",제한없음,,,2.2,2.2,https://pay.naver.com/savings/detail/f743a4232763e8dea65de7af0ab12361,"네이버페이 | 예적금 | 내 계좌 | 검색 | 전체메뉴 | 실세금리정기예금 | IBK기업은행 | 방문없이가입누구나가입 | 이율 | 최고 | 연 2.20% | 이율 | 기본 | 연 2.20%(12개월,세전) | 전화 문의 | 공식홈에서 더 알아보기 | 상품 안내 | 기간 | 1개월 이상 3년 이하 (연, 월, 일 단위) | 금액 | 5백만원 이상 | 가입방법 | 영업점, 인터넷뱅킹, 텔레뱅킹(IBK고객센터), i-ONE뱅크 | 대상 | 제한없음 | 더보기 | 금리 안내 | 12개월 만기시 세후수령액 (단리) | 예치금액 | 입력삭제 | 1,000만원 | 최고금리 | 2.20% | 기본금리 | 2.20% | 원금합계 | 10,000,000원 | 세전이자 | +220,000원 | 이자과세(15.4%) | -33,880원 | 세후수령액 | 10,186,120원 | 기간별 금리 | 기본 금리 | 기간 금리 | 1개월이상 3개월미만 | 2.100% | 3개월이상 6개월미만 | 2.150% | 6개월이상 12개월미만 | 2.250% | 12개월이상 24개월미만 | 2.200% | 24개월이상 36개월미만 | 2.200% | 36개월 | 2.250% | 유형 고정금리 | 금리 높은 예금 | 유니온정기예탁금 | 충절로신용협동조합 | 최고 4.21% | 유니온정기예탁금 | 대구대서신용협동조합 | 최고 4.20% | 유니온정기예탁금 | 부산원광신용협동조합 | 최고 4.20% | 더 많은 상품보기 | 편리한 내 금융자산 관리 | 내 신용점수 알아보기 | 잊고 있던 내 보험 찾기 | 계좌 속 숨은 돈 찾기 | 신용 대출 비교하기 | 로그인전체서비스유의사항 | 툴팁 보기 | 예적금 금리정보 | 금융정보는 금융회사 홈페이지 등에 게시된 정보를 기초로 한 참고사항이며, 이는 수시로 변경될 수 있으므로 거래 전 해당 금융회사에 확인 바랍니다. | 최종 업데이트 2026.09.29 | 네이버파이낸셜㈜ 사업자 정보 | 펼치기"
5,광주은행,일반정기예금,2.35,2.35,1개월 이상 5년 이하(일 단위),최소 1만원 이상 원단위,영업점,제한없음,,,2.35,2.35,https://pay.naver.com/savings/detail/fb3324c96df782d8d2b8cc673c022869,"네이버페이 | 예적금 | 내 계좌 | 검색 | 전체메뉴 | 일반정기예금 | 광주은행 | 누구나가입 | 이율 | 최고 | 연 2.35% | 이율 | 기본 | 연 2.35%(12개월,세전) | 전화 문의 | 공식홈에서 더 알아보기 | 상품 안내 | 기간 | 1개월 이상 5년 이하(일 단위) | 금액 | 최소 1만원 이상 원단위 | 가입방법 | 영업점 | 대상 | 제한없음 | 더보기 | 금리 안내 | 12개월 만기시 세후수령액 (단리) | 예치금액 | 입력삭제 | 1,000만원 | 최고금리 | 2.35% | 기본금리 | 2.35% | 원금합계 | 10,000,000원 | 세전이자 | +235,000원 | 이자과세(15.4%) | -36,190원 | 세후수령액 | 10,198,810원 | 기간별 금리 | 기본 금리 | 기간 금리 | 1개월 이상~3개월 미만 | 2.000% | 3개월 이상~6개월 미만 | 2.050% | 6개월 이상~1년 미만 | 2.200% | 1년 이상~2년 미만 | 2.350% | 2년 이상~3년 미만 | 2.250% | 3년 | 2.200% | 3년초과~5년이하 | 최초 3년간은 약정 당시 3년제 이율, 3년 초과기간은 3년 경과시점의 3년제 이율 | 유형 고정금리 | 금리 높은 예금 | 유니온정기예탁금 | 충절로신용협동조합 | 최고 4.21% | 유니온정기예탁금 | 대구대서신용협동조합 | 최고 4.20% | 유니온정기예탁금 | 부산원광신용협동조합 | 최고 4.20% | 더 많은 상품보기 | 편리한 내 금융자산 관리 | 내 신용점수 알아보기 | 잊고 있던 내 보험 찾기 | 계좌 속 숨은 돈 찾기 | 신용 대출 비교하기 | 로그인전체서비스유의사항 | 툴팁 보기 | 예적금 금리정보 | 금융정보는 금융회사 홈페이지 등에 게시된 정보를 기초로 한 참고사항이며, 이는 수시로 변경될 수 있으므로 거래 전 해당 금융회사에 확인 바랍니다. | 최종 업데이트 2026.10.01 | 네이버파이낸셜㈜ 사업자 정보 | 펼치기"
3,제주은행,스마일드림정기예금,2.85,1.90,"3개월 이상 (3개월, 6개월, 12개월)","최소 100만원 이상, 최대금액 제한없음","JBANK, 영업점","실명의 개인, 법인사업자",,,2.85,1.9,https://pay.naver.com/savings/detail/fc7441ea14e510230e7555ea0be5b909,"네이버페이 | 예적금 | 내 계좌 | 검색 | 전체메뉴 | 스마일드림정기예금 | 제주은행 | 특판방문없이가입누구나가입 | 이율 | 최고 | 연 2.85% | 이율 | 기본 | 연 1.90%(12개월,세전) | 특판 | (금리) 12개월 기본금리 연 1.90%에 이벤트 우대금리 연 0.95% 적용시 최고 연 2.85% 금리 제공 | 이벤트기간 : 2026-03-12 ~ 별도 종료시까지 | 전화 문의 | 공식홈에서 더 알아보기 | 상품 안내 | 기간 | 3개월 이상 (3개월, 6개월, 12개월) | 금액 | 최소 100만원 이상, 최대금액 제한없음 | 가입방법 | JBANK, 영업점 | 대상 | 실명의 개인, 법인사업자 | 더보기 | 금리 안내 | 12개월 만기시 세후수령액 (단리) | 예치금액 | 입력삭제 | 1,000만원 | 최고금리 | 2.85% | 기본금리 | 1.90% | 원금합계 | 10,000,000원 | 세전이자 | +285,000원 | 이자과세(15.4%) | -43,890원 | 세후수령액 | 10,241,110원 | 기간별 금리 | 기본 금리 | 기간 금리 | 3개월(만기) | 1.700% | 6개월(만기) | 1.800% | 12개월(만기) | 1.900% | 조건별 | 이벤트기간 : 2026-03-12 ~ 별도 종료시까지 | 1 | 이벤트 조건별 이벤트 금리 | 3개월 만기 : 이벤트 금리 0.85% | 6개월 만기 : 이벤트 금리 1.00% | 12개월 만기 : 이벤트 금리 0.95% | 유형 고정금리 | 금리 높은 예금 | 유니온정기예탁금 | 충절로신용협동조합 | 최고 4.21% | 유니온정기예탁금 | 대구대서신용협동조합 | 최고 4.20% | 유니온정기예탁금 | 부산원광신용협동조합 | 최고 4.20% | 더 많은 상품보기 | 편리한 내 금융자산 관리 | 내 신용점수 알아보기 | 잊고 있던 내 보험 찾기 | 계좌 속 숨은 돈 찾기 | 신용 대출 비교하기 | 로그인전체서비스유의사항 | 툴팁 보기 | 예적금 금리정보 | 금융정보는 금융회사 홈페이지 등에 게시된 정보를 기초로 한 참고사항이며, 이는 수시로 변경될 수 있으므로 거래 전 해당 금융회사에 확인 바랍니다. | 최종 업데이트 2026.09.29 | 네이버파이낸셜㈜ 사업자 정보 | 펼치기"
4,iM뱅크,자유만기회전예금,2.69,2.64,1년이상 5년이내 (년단위),1백만원 이상,"영업점, 인터넷뱅킹","제한없음 (단, 국가 및 지방자치단체는 제외)",,,2.69,2.64,https://pay.naver.com/savings/detail/fdc1c608dd119e6423f0f7e8c505ddfa,"네이버페이 | 예적금 | 내 계좌 | 검색 | 전체메뉴 | 자유만기회전예금 | iM뱅크 | 방문없이가입누구나가입 | 이율 | 최고 | 연 2.69% | 이율 | 기본 | 연 2.64%(12개월,세전) | 전화 문의 | 공식홈에서 더 알아보기 | 상품 안내 | 기간 | 1년이상 5년이내 (년단위) | 금액 | 1백만원 이상 | 가입방법 | 영업점, 인터넷뱅킹 | (단, 단체 및 법인은 영업점에서만 신규 가능합니다.) | 대상 | 제한없음 (단, 국가 및 지방자치단체는 제외) | 더보기 | 금리 안내 | 기간별 금리 | 기본 금리 | 기간 기본 이자율 기본 연수익율 최고 ㈜영업점 최고 ㈜인터넷 비고 | 12개월이상 ~ 60개월까지 | 1.500% | - | 1.500% 1.550% | 회전주기1개월 | 12개월이상 ~ 60개월까지 | 1.550% | - | 1.550% 1.600% | 회전주기2개월 | 12개월이상 ~ 60개월까지 | 1.730% | - | 1.730% 1.780% | 회전주기3개월 | 12개월이상 ~ 60개월까지 | 1.730% | - | 1.730% 1.780% | 회전주기4개월 | 12개월이상 ~ 60개월까지 | 2.100% | - | 2.100% 2.150% | 회전주기6개월 | 12개월이상 ~ 60개월까지 | 2.640% | - | 2.640% 2.690% | 회전주기12개월 | 조건별 | 1 | 인터넷뱅킹에서 가입시 비대면 우대이자율 추가 적용 | 단, 중도에 통장 발행 등 일반예금으로 전환하는 경우 전체 예금기간에 대해 비대면우대이자율이 적용되지 않습니다. : 0.05% | 유형 변동금리 | 금리 높은 예금 | 유니온정기예탁금 | 충절로신용협동조합 | 최고 4.21% | 유니온정기예탁금 | 대구대서신용협동조합 | 최고 4.20% | 유니온정기예탁금 | 부산원광신용협동조합 | 최고 4.20% | 더 많은 상품보기 | 편리한 내 금융자산 관리 | 내 신용점수 알아보기 | 잊고 있던 내 보험 찾기 | 계좌 속 숨은 돈 찾기 | 신용 대출 비교하기 | 로그인전체서비스유의사항 | 툴팁 보기 | 예적금 금리정보 | 금융정보는 금융회사 홈페이지 등에 게시된 정보를 기초로 한 참고사항이며, 이는 수시로 변경될 수 있으므로 거래 전 해당 금융회사에 확인 바랍니다. | 최종 업데이트 2026.09.29 | 네이버파이낸셜㈜ 사업자 정보 | 펼치기"
